PropertyID,Date,RoomType,TotalRooms,BookedRooms,Available
P-001,2026-02-26,Standard,49,0,49
P-001,2026-02-26,Deluxe,40,0,40
P-001,2026-02-26,Suite,17,0,17
P-001,2026-02-26,Family Suite,10,0,10
P-001,2026-02-26,Penthouse,4,0,4
P-001,2026-02-27,Standard,49,0,49
P-001,2026-02-27,Deluxe,40,0,40
P-001,2026-02-27,Suite,17,4,13
P-001,2026-02-27,Family Suite,10,0,10
P-001,2026-02-27,Penthouse,4,0,4
P-001,2026-02-28,Standard,49,0,49
P-001,2026-02-28,Deluxe,40,3,37
P-001,2026-02-28,Suite,17,4,13
P-001,2026-02-28,Family Suite,10,1,9
P-001,2026-02-28,Penthouse,4,1,3
P-001,2026-03-01,Standard,49,0,49
P-001,2026-03-01,Deluxe,40,3,37
P-001,2026-03-01,Suite,17,3,14
P-001,2026-03-01,Family Suite,10,2,8
P-001,2026-03-01,Penthouse,4,1,3
P-001,2026-03-02,Standard,49,1,48
P-001,2026-03-02,Deluxe,40,3,37
P-001,2026-03-02,Suite,17,1,16
P-001,2026-03-02,Family Suite,10,1,9
P-001,2026-03-02,Penthouse,4,2,2
P-001,2026-03-03,Standard,49,2,47
P-001,2026-03-03,Deluxe,40,3,37
P-001,2026-03-03,Suite,17,1,16
P-001,2026-03-03,Family Suite,10,1,9
P-001,2026-03-03,Penthouse,4,2,2
P-001,2026-03-04,Standard,49,2,47
P-001,2026-03-04,Deluxe,40,2,38
P-001,2026-03-04,Suite,17,1,16
P-001,2026-03-04,Family Suite,10,1,9
P-001,2026-03-04,Penthouse,4,1,3
P-001,2026-03-05,Standard,49,3,46
P-001,2026-03-05,Deluxe,40,2,38
P-001,2026-03-05,Suite,17,0,17
P-001,2026-03-05,Family Suite,10,1,9
P-001,2026-03-05,Penthouse,4,1,3
P-001,2026-03-06,Standard,49,2,47
P-001,2026-03-06,Deluxe,40,1,39
P-001,2026-03-06,Suite,17,2,15
P-001,2026-03-06,Family Suite,10,1,9
P-001,2026-03-06,Penthouse,4,2,2
P-001,2026-03-07,Standard,49,3,46
P-001,2026-03-07,Deluxe,40,1,39
P-001,2026-03-07,Suite,17,2,15
P-001,2026-03-07,Family Suite,10,2,8
P-001,2026-03-07,Penthouse,4,2,2
P-001,2026-03-08,Standard,49,3,46
P-001,2026-03-08,Deluxe,40,2,38
P-001,2026-03-08,Suite,17,1,16
P-001,2026-03-08,Family Suite,10,2,8
P-001,2026-03-08,Penthouse,4,3,1
P-001,2026-03-09,Standard,49,2,47
P-001,2026-03-09,Deluxe,40,2,38
P-001,2026-03-09,Suite,17,1,16
P-001,2026-03-09,Family Suite,10,2,8
P-001,2026-03-09,Penthouse,4,3,1
P-001,2026-03-10,Standard,49,1,48
P-001,2026-03-10,Deluxe,40,2,38
P-001,2026-03-10,Suite,17,1,16
P-001,2026-03-10,Family Suite,10,2,8
P-001,2026-03-10,Penthouse,4,4,0
P-001,2026-03-11,Standard,49,1,48
P-001,2026-03-11,Deluxe,40,2,38
P-001,2026-03-11,Suite,17,2,15
P-001,2026-03-11,Family Suite,10,3,7
P-001,2026-03-11,Penthouse,4,4,0
P-001,2026-03-12,Standard,49,2,47
P-001,2026-03-12,Deluxe,40,2,38
P-001,2026-03-12,Suite,17,2,15
P-001,2026-03-12,Family Suite,10,4,6
P-001,2026-03-12,Penthouse,4,2,2
P-001,2026-03-13,Standard,49,3,46
P-001,2026-03-13,Deluxe,40,2,38
P-001,2026-03-13,Suite,17,3,14
P-001,2026-03-13,Family Suite,10,4,6
P-001,2026-03-13,Penthouse,4,3,1
P-001,2026-03-14,Standard,49,1,48
P-001,2026-03-14,Deluxe,40,1,39
P-001,2026-03-14,Suite,17,3,14
P-001,2026-03-14,Family Suite,10,4,6
P-001,2026-03-14,Penthouse,4,3,1
P-001,2026-03-15,Standard,49,2,47
P-001,2026-03-15,Deluxe,40,2,38
P-001,2026-03-15,Suite,17,2,15
P-001,2026-03-15,Family Suite,10,4,6
P-001,2026-03-15,Penthouse,4,2,2
P-001,2026-03-16,Standard,49,2,47
P-001,2026-03-16,Deluxe,40,3,37
P-001,2026-03-16,Suite,17,1,16
P-001,2026-03-16,Family Suite,10,1,9
P-001,2026-03-16,Penthouse,4,2,2
P-001,2026-03-17,Standard,49,3,46
P-001,2026-03-17,Deluxe,40,3,37
P-001,2026-03-17,Suite,17,1,16
P-001,2026-03-17,Family Suite,10,1,9
P-001,2026-03-17,Penthouse,4,2,2
P-001,2026-03-18,Standard,49,3,46
P-001,2026-03-18,Deluxe,40,3,37
P-001,2026-03-18,Suite,17,1,16
P-001,2026-03-18,Family Suite,10,1,9
P-001,2026-03-18,Penthouse,4,0,4
P-001,2026-03-19,Standard,49,2,47
P-001,2026-03-19,Deluxe,40,4,36
P-001,2026-03-19,Suite,17,1,16
P-001,2026-03-19,Family Suite,10,1,9
P-001,2026-03-19,Penthouse,4,0,4
P-001,2026-03-20,Standard,49,2,47
P-001,2026-03-20,Deluxe,40,4,36
P-001,2026-03-20,Suite,17,1,16
P-001,2026-03-20,Family Suite,10,1,9
P-001,2026-03-20,Penthouse,4,1,3
P-001,2026-03-21,Standard,49,1,48
P-001,2026-03-21,Deluxe,40,2,38
P-001,2026-03-21,Suite,17,2,15
P-001,2026-03-21,Family Suite,10,0,10
P-001,2026-03-21,Penthouse,4,1,3
P-001,2026-03-22,Standard,49,0,49
P-001,2026-03-22,Deluxe,40,1,39
P-001,2026-03-22,Suite,17,3,14
P-001,2026-03-22,Family Suite,10,1,9
P-001,2026-03-22,Penthouse,4,2,2
P-001,2026-03-23,Standard,49,0,49
P-001,2026-03-23,Deluxe,40,2,38
P-001,2026-03-23,Suite,17,2,15
P-001,2026-03-23,Family Suite,10,2,8
P-001,2026-03-23,Penthouse,4,1,3
P-001,2026-03-24,Standard,49,0,49
P-001,2026-03-24,Deluxe,40,3,37
P-001,2026-03-24,Suite,17,3,14
P-001,2026-03-24,Family Suite,10,2,8
P-001,2026-03-24,Penthouse,4,2,2
P-001,2026-03-25,Standard,49,0,49
P-001,2026-03-25,Deluxe,40,4,36
P-001,2026-03-25,Suite,17,2,15
P-001,2026-03-25,Family Suite,10,4,6
P-001,2026-03-25,Penthouse,4,1,3
P-001,2026-03-26,Standard,49,0,49
P-001,2026-03-26,Deluxe,40,4,36
P-001,2026-03-26,Suite,17,2,15
P-001,2026-03-26,Family Suite,10,3,7
P-001,2026-03-26,Penthouse,4,2,2
P-001,2026-03-27,Standard,49,0,49
P-001,2026-03-27,Deluxe,40,3,37
P-001,2026-03-27,Suite,17,0,17
P-001,2026-03-27,Family Suite,10,2,8
P-001,2026-03-27,Penthouse,4,2,2
P-001,2026-03-28,Standard,49,1,48
P-001,2026-03-28,Deluxe,40,2,38
P-001,2026-03-28,Suite,17,1,16
P-001,2026-03-28,Family Suite,10,1,9
P-001,2026-03-28,Penthouse,4,2,2
P-001,2026-03-29,Standard,49,1,48
P-001,2026-03-29,Deluxe,40,1,39
P-001,2026-03-29,Suite,17,2,15
P-001,2026-03-29,Family Suite,10,0,10
P-001,2026-03-29,Penthouse,4,2,2
P-001,2026-03-30,Standard,49,1,48
P-001,2026-03-30,Deluxe,40,1,39
P-001,2026-03-30,Suite,17,3,14
P-001,2026-03-30,Family Suite,10,0,10
P-001,2026-03-30,Penthouse,4,3,1
P-001,2026-03-31,Standard,49,2,47
P-001,2026-03-31,Deluxe,40,1,39
P-001,2026-03-31,Suite,17,3,14
P-001,2026-03-31,Family Suite,10,0,10
P-001,2026-03-31,Penthouse,4,4,0
P-001,2026-04-01,Standard,49,3,46
P-001,2026-04-01,Deluxe,40,5,35
P-001,2026-04-01,Suite,17,2,15
P-001,2026-04-01,Family Suite,10,1,9
P-001,2026-04-01,Penthouse,4,5,0
P-001,2026-04-02,Standard,49,3,46
P-001,2026-04-02,Deluxe,40,5,35
P-001,2026-04-02,Suite,17,2,15
P-001,2026-04-02,Family Suite,10,1,9
P-001,2026-04-02,Penthouse,4,6,0
P-001,2026-04-03,Standard,49,2,47
P-001,2026-04-03,Deluxe,40,5,35
P-001,2026-04-03,Suite,17,2,15
P-001,2026-04-03,Family Suite,10,0,10
P-001,2026-04-03,Penthouse,4,5,0
P-001,2026-04-04,Standard,49,3,46
P-001,2026-04-04,Deluxe,40,5,35
P-001,2026-04-04,Suite,17,1,16
P-001,2026-04-04,Family Suite,10,0,10
P-001,2026-04-04,Penthouse,4,3,1
P-001,2026-04-05,Standard,49,3,46
P-001,2026-04-05,Deluxe,40,6,34
P-001,2026-04-05,Suite,17,1,16
P-001,2026-04-05,Family Suite,10,2,8
P-001,2026-04-05,Penthouse,4,2,2
P-001,2026-04-06,Standard,49,1,48
P-001,2026-04-06,Deluxe,40,6,34
P-001,2026-04-06,Suite,17,1,16
P-001,2026-04-06,Family Suite,10,3,7
P-001,2026-04-06,Penthouse,4,1,3
P-001,2026-04-07,Standard,49,2,47
P-001,2026-04-07,Deluxe,40,6,34
P-001,2026-04-07,Suite,17,2,15
P-001,2026-04-07,Family Suite,10,2,8
P-001,2026-04-07,Penthouse,4,1,3
P-001,2026-04-08,Standard,49,1,48
P-001,2026-04-08,Deluxe,40,5,35
P-001,2026-04-08,Suite,17,3,14
P-001,2026-04-08,Family Suite,10,4,6
P-001,2026-04-08,Penthouse,4,1,3
P-001,2026-04-09,Standard,49,2,47
P-001,2026-04-09,Deluxe,40,3,37
P-001,2026-04-09,Suite,17,4,13
P-001,2026-04-09,Family Suite,10,4,6
P-001,2026-04-09,Penthouse,4,1,3
P-001,2026-04-10,Standard,49,2,47
P-001,2026-04-10,Deluxe,40,4,36
P-001,2026-04-10,Suite,17,4,13
P-001,2026-04-10,Family Suite,10,3,7
P-001,2026-04-10,Penthouse,4,0,4
P-001,2026-04-11,Standard,49,2,47
P-001,2026-04-11,Deluxe,40,4,36
P-001,2026-04-11,Suite,17,2,15
P-001,2026-04-11,Family Suite,10,2,8
P-001,2026-04-11,Penthouse,4,2,2
P-001,2026-04-12,Standard,49,1,48
P-001,2026-04-12,Deluxe,40,1,39
P-001,2026-04-12,Suite,17,2,15
P-001,2026-04-12,Family Suite,10,2,8
P-001,2026-04-12,Penthouse,4,2,2
P-001,2026-04-13,Standard,49,1,48
P-001,2026-04-13,Deluxe,40,0,40
P-001,2026-04-13,Suite,17,2,15
P-001,2026-04-13,Family Suite,10,2,8
P-001,2026-04-13,Penthouse,4,2,2
P-001,2026-04-14,Standard,49,1,48
P-001,2026-04-14,Deluxe,40,0,40
P-001,2026-04-14,Suite,17,2,15
P-001,2026-04-14,Family Suite,10,2,8
P-001,2026-04-14,Penthouse,4,2,2
P-001,2026-04-15,Standard,49,1,48
P-001,2026-04-15,Deluxe,40,0,40
P-001,2026-04-15,Suite,17,1,16
P-001,2026-04-15,Family Suite,10,2,8
P-001,2026-04-15,Penthouse,4,3,1
P-001,2026-04-16,Standard,49,1,48
P-001,2026-04-16,Deluxe,40,0,40
P-001,2026-04-16,Suite,17,2,15
P-001,2026-04-16,Family Suite,10,2,8
P-001,2026-04-16,Penthouse,4,3,1
P-001,2026-04-17,Standard,49,2,47
P-001,2026-04-17,Deluxe,40,0,40
P-001,2026-04-17,Suite,17,3,14
P-001,2026-04-17,Family Suite,10,1,9
P-001,2026-04-17,Penthouse,4,3,1
P-001,2026-04-18,Standard,49,3,46
P-001,2026-04-18,Deluxe,40,0,40
P-001,2026-04-18,Suite,17,1,16
P-001,2026-04-18,Family Suite,10,1,9
P-001,2026-04-18,Penthouse,4,3,1
P-001,2026-04-19,Standard,49,2,47
P-001,2026-04-19,Deluxe,40,1,39
P-001,2026-04-19,Suite,17,2,15
P-001,2026-04-19,Family Suite,10,0,10
P-001,2026-04-19,Penthouse,4,2,2
P-001,2026-04-20,Standard,49,3,46
P-001,2026-04-20,Deluxe,40,1,39
P-001,2026-04-20,Suite,17,4,13
P-001,2026-04-20,Family Suite,10,0,10
P-001,2026-04-20,Penthouse,4,1,3
P-001,2026-04-21,Standard,49,3,46
P-001,2026-04-21,Deluxe,40,1,39
P-001,2026-04-21,Suite,17,4,13
P-001,2026-04-21,Family Suite,10,2,8
P-001,2026-04-21,Penthouse,4,1,3
P-001,2026-04-22,Standard,49,4,45
P-001,2026-04-22,Deluxe,40,1,39
P-001,2026-04-22,Suite,17,5,12
P-001,2026-04-22,Family Suite,10,3,7
P-001,2026-04-22,Penthouse,4,0,4
P-001,2026-04-23,Standard,49,6,43
P-001,2026-04-23,Deluxe,40,2,38
P-001,2026-04-23,Suite,17,4,13
P-001,2026-04-23,Family Suite,10,2,8
P-001,2026-04-23,Penthouse,4,0,4
P-001,2026-04-24,Standard,49,5,44
P-001,2026-04-24,Deluxe,40,2,38
P-001,2026-04-24,Suite,17,3,14
P-001,2026-04-24,Family Suite,10,2,8
P-001,2026-04-24,Penthouse,4,0,4
P-001,2026-04-25,Standard,49,3,46
P-001,2026-04-25,Deluxe,40,3,37
P-001,2026-04-25,Suite,17,2,15
P-001,2026-04-25,Family Suite,10,1,9
P-001,2026-04-25,Penthouse,4,0,4
P-001,2026-04-26,Standard,49,2,47
P-001,2026-04-26,Deluxe,40,1,39
P-001,2026-04-26,Suite,17,1,16
P-001,2026-04-26,Family Suite,10,3,7
P-001,2026-04-26,Penthouse,4,0,4
P-001,2026-04-27,Standard,49,1,48
P-001,2026-04-27,Deluxe,40,2,38
P-001,2026-04-27,Suite,17,2,15
P-001,2026-04-27,Family Suite,10,3,7
P-001,2026-04-27,Penthouse,4,0,4
P-001,2026-04-28,Standard,49,0,49
P-001,2026-04-28,Deluxe,40,2,38
P-001,2026-04-28,Suite,17,1,16
P-001,2026-04-28,Family Suite,10,2,8
P-001,2026-04-28,Penthouse,4,0,4
P-001,2026-04-29,Standard,49,1,48
P-001,2026-04-29,Deluxe,40,0,40
P-001,2026-04-29,Suite,17,1,16
P-001,2026-04-29,Family Suite,10,2,8
P-001,2026-04-29,Penthouse,4,0,4
P-001,2026-04-30,Standard,49,1,48
P-001,2026-04-30,Deluxe,40,0,40
P-001,2026-04-30,Suite,17,1,16
P-001,2026-04-30,Family Suite,10,2,8
P-001,2026-04-30,Penthouse,4,1,3
P-001,2026-05-01,Standard,49,1,48
P-001,2026-05-01,Deluxe,40,0,40
P-001,2026-05-01,Suite,17,1,16
P-001,2026-05-01,Family Suite,10,2,8
P-001,2026-05-01,Penthouse,4,2,2
P-001,2026-05-02,Standard,49,0,49
P-001,2026-05-02,Deluxe,40,1,39
P-001,2026-05-02,Suite,17,1,16
P-001,2026-05-02,Family Suite,10,2,8
P-001,2026-05-02,Penthouse,4,2,2
P-001,2026-05-03,Standard,49,0,49
P-001,2026-05-03,Deluxe,40,1,39
P-001,2026-05-03,Suite,17,1,16
P-001,2026-05-03,Family Suite,10,1,9
P-001,2026-05-03,Penthouse,4,2,2
P-001,2026-05-04,Standard,49,0,49
P-001,2026-05-04,Deluxe,40,0,40
P-001,2026-05-04,Suite,17,1,16
P-001,2026-05-04,Family Suite,10,1,9
P-001,2026-05-04,Penthouse,4,2,2
P-001,2026-05-05,Standard,49,1,48
P-001,2026-05-05,Deluxe,40,1,39
P-001,2026-05-05,Suite,17,2,15
P-001,2026-05-05,Family Suite,10,1,9
P-001,2026-05-05,Penthouse,4,2,2
P-001,2026-05-06,Standard,49,2,47
P-001,2026-05-06,Deluxe,40,1,39
P-001,2026-05-06,Suite,17,2,15
P-001,2026-05-06,Family Suite,10,2,8
P-001,2026-05-06,Penthouse,4,2,2
P-001,2026-05-07,Standard,49,1,48
P-001,2026-05-07,Deluxe,40,0,40
P-001,2026-05-07,Suite,17,2,15
P-001,2026-05-07,Family Suite,10,3,7
P-001,2026-05-07,Penthouse,4,3,1
P-001,2026-05-08,Standard,49,2,47
P-001,2026-05-08,Deluxe,40,2,38
P-001,2026-05-08,Suite,17,2,15
P-001,2026-05-08,Family Suite,10,4,6
P-001,2026-05-08,Penthouse,4,1,3
P-001,2026-05-09,Standard,49,2,47
P-001,2026-05-09,Deluxe,40,2,38
P-001,2026-05-09,Suite,17,3,14
P-001,2026-05-09,Family Suite,10,4,6
P-001,2026-05-09,Penthouse,4,1,3
P-001,2026-05-10,Standard,49,3,46
P-001,2026-05-10,Deluxe,40,2,38
P-001,2026-05-10,Suite,17,2,15
P-001,2026-05-10,Family Suite,10,2,8
P-001,2026-05-10,Penthouse,4,1,3
P-001,2026-05-11,Standard,49,3,46
P-001,2026-05-11,Deluxe,40,0,40
P-001,2026-05-11,Suite,17,3,14
P-001,2026-05-11,Family Suite,10,0,10
P-001,2026-05-11,Penthouse,4,1,3
P-001,2026-05-12,Standard,49,3,46
P-001,2026-05-12,Deluxe,40,0,40
P-001,2026-05-12,Suite,17,2,15
P-001,2026-05-12,Family Suite,10,0,10
P-001,2026-05-12,Penthouse,4,1,3
P-001,2026-05-13,Standard,49,2,47
P-001,2026-05-13,Deluxe,40,0,40
P-001,2026-05-13,Suite,17,2,15
P-001,2026-05-13,Family Suite,10,1,9
P-001,2026-05-13,Penthouse,4,2,2
P-001,2026-05-14,Standard,49,1,48
P-001,2026-05-14,Deluxe,40,1,39
P-001,2026-05-14,Suite,17,3,14
P-001,2026-05-14,Family Suite,10,3,7
P-001,2026-05-14,Penthouse,4,3,1
P-001,2026-05-15,Standard,49,1,48
P-001,2026-05-15,Deluxe,40,2,38
P-001,2026-05-15,Suite,17,3,14
P-001,2026-05-15,Family Suite,10,3,7
P-001,2026-05-15,Penthouse,4,3,1
P-001,2026-05-16,Standard,49,1,48
P-001,2026-05-16,Deluxe,40,2,38
P-001,2026-05-16,Suite,17,4,13
P-001,2026-05-16,Family Suite,10,2,8
P-001,2026-05-16,Penthouse,4,3,1
P-001,2026-05-17,Standard,49,1,48
P-001,2026-05-17,Deluxe,40,2,38
P-001,2026-05-17,Suite,17,4,13
P-001,2026-05-17,Family Suite,10,3,7
P-001,2026-05-17,Penthouse,4,2,2
P-001,2026-05-18,Standard,49,0,49
P-001,2026-05-18,Deluxe,40,1,39
P-001,2026-05-18,Suite,17,3,14
P-001,2026-05-18,Family Suite,10,4,6
P-001,2026-05-18,Penthouse,4,2,2
P-001,2026-05-19,Standard,49,0,49
P-001,2026-05-19,Deluxe,40,2,38
P-001,2026-05-19,Suite,17,3,14
P-001,2026-05-19,Family Suite,10,3,7
P-001,2026-05-19,Penthouse,4,1,3
P-001,2026-05-20,Standard,49,2,47
P-001,2026-05-20,Deluxe,40,2,38
P-001,2026-05-20,Suite,17,4,13
P-001,2026-05-20,Family Suite,10,3,7
P-001,2026-05-20,Penthouse,4,1,3
P-001,2026-05-21,Standard,49,2,47
P-001,2026-05-21,Deluxe,40,2,38
P-001,2026-05-21,Suite,17,4,13
P-001,2026-05-21,Family Suite,10,4,6
P-001,2026-05-21,Penthouse,4,1,3
P-001,2026-05-22,Standard,49,5,44
P-001,2026-05-22,Deluxe,40,1,39
P-001,2026-05-22,Suite,17,4,13
P-001,2026-05-22,Family Suite,10,4,6
P-001,2026-05-22,Penthouse,4,3,1
P-001,2026-05-23,Standard,49,5,44
P-001,2026-05-23,Deluxe,40,0,40
P-001,2026-05-23,Suite,17,3,14
P-001,2026-05-23,Family Suite,10,4,6
P-001,2026-05-23,Penthouse,4,3,1
P-001,2026-05-24,Standard,49,5,44
P-001,2026-05-24,Deluxe,40,0,40
P-001,2026-05-24,Suite,17,3,14
P-001,2026-05-24,Family Suite,10,3,7
P-001,2026-05-24,Penthouse,4,3,1
P-001,2026-05-25,Standard,49,5,44
P-001,2026-05-25,Deluxe,40,1,39
P-001,2026-05-25,Suite,17,3,14
P-001,2026-05-25,Family Suite,10,2,8
P-001,2026-05-25,Penthouse,4,2,2
P-001,2026-05-26,Standard,49,4,45
P-001,2026-05-26,Deluxe,40,2,38
P-001,2026-05-26,Suite,17,2,15
P-001,2026-05-26,Family Suite,10,3,7
P-001,2026-05-26,Penthouse,4,2,2
P-002,2026-02-26,Standard,130,0,130
P-002,2026-02-26,Deluxe,90,0,90
P-002,2026-02-26,Suite,38,0,38
P-002,2026-02-26,Family Suite,18,0,18
P-002,2026-02-26,Penthouse,4,0,4
P-002,2026-02-27,Standard,130,0,130
P-002,2026-02-27,Deluxe,90,1,89
P-002,2026-02-27,Suite,38,1,37
P-002,2026-02-27,Family Suite,18,0,18
P-002,2026-02-27,Penthouse,4,1,3
P-002,2026-02-28,Standard,130,0,130
P-002,2026-02-28,Deluxe,90,1,89
P-002,2026-02-28,Suite,38,3,35
P-002,2026-02-28,Family Suite,18,1,17
P-002,2026-02-28,Penthouse,4,1,3
P-002,2026-03-01,Standard,130,1,129
P-002,2026-03-01,Deluxe,90,2,88
P-002,2026-03-01,Suite,38,2,36
P-002,2026-03-01,Family Suite,18,1,17
P-002,2026-03-01,Penthouse,4,1,3
P-002,2026-03-02,Standard,130,1,129
P-002,2026-03-02,Deluxe,90,3,87
P-002,2026-03-02,Suite,38,3,35
P-002,2026-03-02,Family Suite,18,1,17
P-002,2026-03-02,Penthouse,4,1,3
P-002,2026-03-03,Standard,130,3,127
P-002,2026-03-03,Deluxe,90,2,88
P-002,2026-03-03,Suite,38,5,33
P-002,2026-03-03,Family Suite,18,1,17
P-002,2026-03-03,Penthouse,4,2,2
P-002,2026-03-04,Standard,130,4,126
P-002,2026-03-04,Deluxe,90,3,87
P-002,2026-03-04,Suite,38,4,34
P-002,2026-03-04,Family Suite,18,2,16
P-002,2026-03-04,Penthouse,4,3,1
P-002,2026-03-05,Standard,130,5,125
P-002,2026-03-05,Deluxe,90,1,89
P-002,2026-03-05,Suite,38,4,34
P-002,2026-03-05,Family Suite,18,2,16
P-002,2026-03-05,Penthouse,4,4,0
P-002,2026-03-06,Standard,130,4,126
P-002,2026-03-06,Deluxe,90,2,88
P-002,2026-03-06,Suite,38,4,34
P-002,2026-03-06,Family Suite,18,2,16
P-002,2026-03-06,Penthouse,4,5,0
P-002,2026-03-07,Standard,130,5,125
P-002,2026-03-07,Deluxe,90,2,88
P-002,2026-03-07,Suite,38,2,36
P-002,2026-03-07,Family Suite,18,2,16
P-002,2026-03-07,Penthouse,4,6,0
P-002,2026-03-08,Standard,130,5,125
P-002,2026-03-08,Deluxe,90,3,87
P-002,2026-03-08,Suite,38,2,36
P-002,2026-03-08,Family Suite,18,2,16
P-002,2026-03-08,Penthouse,4,6,0
P-002,2026-03-09,Standard,130,5,125
P-002,2026-03-09,Deluxe,90,5,85
P-002,2026-03-09,Suite,38,3,35
P-002,2026-03-09,Family Suite,18,1,17
P-002,2026-03-09,Penthouse,4,6,0
P-002,2026-03-10,Standard,130,2,128
P-002,2026-03-10,Deluxe,90,5,85
P-002,2026-03-10,Suite,38,3,35
P-002,2026-03-10,Family Suite,18,1,17
P-002,2026-03-10,Penthouse,4,5,0
P-002,2026-03-11,Standard,130,2,128
P-002,2026-03-11,Deluxe,90,4,86
P-002,2026-03-11,Suite,38,3,35
P-002,2026-03-11,Family Suite,18,2,16
P-002,2026-03-11,Penthouse,4,3,1
P-002,2026-03-12,Standard,130,2,128
P-002,2026-03-12,Deluxe,90,3,87
P-002,2026-03-12,Suite,38,3,35
P-002,2026-03-12,Family Suite,18,3,15
P-002,2026-03-12,Penthouse,4,3,1
P-002,2026-03-13,Standard,130,3,127
P-002,2026-03-13,Deluxe,90,3,87
P-002,2026-03-13,Suite,38,3,35
P-002,2026-03-13,Family Suite,18,2,16
P-002,2026-03-13,Penthouse,4,2,2
P-002,2026-03-14,Standard,130,3,127
P-002,2026-03-14,Deluxe,90,3,87
P-002,2026-03-14,Suite,38,5,33
P-002,2026-03-14,Family Suite,18,2,16
P-002,2026-03-14,Penthouse,4,3,1
P-002,2026-03-15,Standard,130,2,128
P-002,2026-03-15,Deluxe,90,3,87
P-002,2026-03-15,Suite,38,4,34
P-002,2026-03-15,Family Suite,18,3,15
P-002,2026-03-15,Penthouse,4,1,3
P-002,2026-03-16,Standard,130,0,130
P-002,2026-03-16,Deluxe,90,6,84
P-002,2026-03-16,Suite,38,5,33
P-002,2026-03-16,Family Suite,18,2,16
P-002,2026-03-16,Penthouse,4,2,2
P-002,2026-03-17,Standard,130,1,129
P-002,2026-03-17,Deluxe,90,7,83
P-002,2026-03-17,Suite,38,3,35
P-002,2026-03-17,Family Suite,18,2,16
P-002,2026-03-17,Penthouse,4,3,1
P-002,2026-03-18,Standard,130,3,127
P-002,2026-03-18,Deluxe,90,6,84
P-002,2026-03-18,Suite,38,3,35
P-002,2026-03-18,Family Suite,18,2,16
P-002,2026-03-18,Penthouse,4,3,1
P-002,2026-03-19,Standard,130,3,127
P-002,2026-03-19,Deluxe,90,4,86
P-002,2026-03-19,Suite,38,4,34
P-002,2026-03-19,Family Suite,18,1,17
P-002,2026-03-19,Penthouse,4,4,0
P-002,2026-03-20,Standard,130,3,127
P-002,2026-03-20,Deluxe,90,4,86
P-002,2026-03-20,Suite,38,5,33
P-002,2026-03-20,Family Suite,18,2,16
P-002,2026-03-20,Penthouse,4,4,0
P-002,2026-03-21,Standard,130,5,125
P-002,2026-03-21,Deluxe,90,3,87
P-002,2026-03-21,Suite,38,6,32
P-002,2026-03-21,Family Suite,18,1,17
P-002,2026-03-21,Penthouse,4,3,1
P-002,2026-03-22,Standard,130,5,125
P-002,2026-03-22,Deluxe,90,4,86
P-002,2026-03-22,Suite,38,5,33
P-002,2026-03-22,Family Suite,18,1,17
P-002,2026-03-22,Penthouse,4,3,1
P-002,2026-03-23,Standard,130,5,125
P-002,2026-03-23,Deluxe,90,3,87
P-002,2026-03-23,Suite,38,6,32
P-002,2026-03-23,Family Suite,18,3,15
P-002,2026-03-23,Penthouse,4,3,1
P-002,2026-03-24,Standard,130,4,126
P-002,2026-03-24,Deluxe,90,3,87
P-002,2026-03-24,Suite,38,6,32
P-002,2026-03-24,Family Suite,18,3,15
P-002,2026-03-24,Penthouse,4,4,0
P-002,2026-03-25,Standard,130,3,127
P-002,2026-03-25,Deluxe,90,5,85
P-002,2026-03-25,Suite,38,6,32
P-002,2026-03-25,Family Suite,18,4,14
P-002,2026-03-25,Penthouse,4,3,1
P-002,2026-03-26,Standard,130,4,126
P-002,2026-03-26,Deluxe,90,5,85
P-002,2026-03-26,Suite,38,7,31
P-002,2026-03-26,Family Suite,18,4,14
P-002,2026-03-26,Penthouse,4,3,1
P-002,2026-03-27,Standard,130,5,125
P-002,2026-03-27,Deluxe,90,5,85
P-002,2026-03-27,Suite,38,7,31
P-002,2026-03-27,Family Suite,18,4,14
P-002,2026-03-27,Penthouse,4,2,2
P-002,2026-03-28,Standard,130,7,123
P-002,2026-03-28,Deluxe,90,3,87
P-002,2026-03-28,Suite,38,3,35
P-002,2026-03-28,Family Suite,18,6,12
P-002,2026-03-28,Penthouse,4,4,0
P-002,2026-03-29,Standard,130,6,124
P-002,2026-03-29,Deluxe,90,3,87
P-002,2026-03-29,Suite,38,4,34
P-002,2026-03-29,Family Suite,18,6,12
P-002,2026-03-29,Penthouse,4,4,0
P-002,2026-03-30,Standard,130,5,125
P-002,2026-03-30,Deluxe,90,4,86
P-002,2026-03-30,Suite,38,4,34
P-002,2026-03-30,Family Suite,18,4,14
P-002,2026-03-30,Penthouse,4,4,0
P-002,2026-03-31,Standard,130,4,126
P-002,2026-03-31,Deluxe,90,2,88
P-002,2026-03-31,Suite,38,2,36
P-002,2026-03-31,Family Suite,18,5,13
P-002,2026-03-31,Penthouse,4,7,0
P-002,2026-04-01,Standard,130,4,126
P-002,2026-04-01,Deluxe,90,1,89
P-002,2026-04-01,Suite,38,0,38
P-002,2026-04-01,Family Suite,18,5,13
P-002,2026-04-01,Penthouse,4,7,0
P-002,2026-04-02,Standard,130,5,125
P-002,2026-04-02,Deluxe,90,3,87
P-002,2026-04-02,Suite,38,1,37
P-002,2026-04-02,Family Suite,18,3,15
P-002,2026-04-02,Penthouse,4,7,0
P-002,2026-04-03,Standard,130,5,125
P-002,2026-04-03,Deluxe,90,3,87
P-002,2026-04-03,Suite,38,2,36
P-002,2026-04-03,Family Suite,18,4,14
P-002,2026-04-03,Penthouse,4,5,0
P-002,2026-04-04,Standard,130,4,126
P-002,2026-04-04,Deluxe,90,3,87
P-002,2026-04-04,Suite,38,2,36
P-002,2026-04-04,Family Suite,18,4,14
P-002,2026-04-04,Penthouse,4,5,0
P-002,2026-04-05,Standard,130,5,125
P-002,2026-04-05,Deluxe,90,2,88
P-002,2026-04-05,Suite,38,3,35
P-002,2026-04-05,Family Suite,18,3,15
P-002,2026-04-05,Penthouse,4,4,0
P-002,2026-04-06,Standard,130,6,124
P-002,2026-04-06,Deluxe,90,1,89
P-002,2026-04-06,Suite,38,3,35
P-002,2026-04-06,Family Suite,18,4,14
P-002,2026-04-06,Penthouse,4,5,0
P-002,2026-04-07,Standard,130,6,124
P-002,2026-04-07,Deluxe,90,1,89
P-002,2026-04-07,Suite,38,3,35
P-002,2026-04-07,Family Suite,18,5,13
P-002,2026-04-07,Penthouse,4,4,0
P-002,2026-04-08,Standard,130,6,124
P-002,2026-04-08,Deluxe,90,0,90
P-002,2026-04-08,Suite,38,4,34
P-002,2026-04-08,Family Suite,18,3,15
P-002,2026-04-08,Penthouse,4,4,0
P-002,2026-04-09,Standard,130,3,127
P-002,2026-04-09,Deluxe,90,3,87
P-002,2026-04-09,Suite,38,4,34
P-002,2026-04-09,Family Suite,18,4,14
P-002,2026-04-09,Penthouse,4,3,1
P-002,2026-04-10,Standard,130,2,128
P-002,2026-04-10,Deluxe,90,3,87
P-002,2026-04-10,Suite,38,3,35
P-002,2026-04-10,Family Suite,18,6,12
P-002,2026-04-10,Penthouse,4,4,0
P-002,2026-04-11,Standard,130,2,128
P-002,2026-04-11,Deluxe,90,5,85
P-002,2026-04-11,Suite,38,3,35
P-002,2026-04-11,Family Suite,18,5,13
P-002,2026-04-11,Penthouse,4,4,0
P-002,2026-04-12,Standard,130,2,128
P-002,2026-04-12,Deluxe,90,4,86
P-002,2026-04-12,Suite,38,3,35
P-002,2026-04-12,Family Suite,18,6,12
P-002,2026-04-12,Penthouse,4,3,1
P-002,2026-04-13,Standard,130,2,128
P-002,2026-04-13,Deluxe,90,3,87
P-002,2026-04-13,Suite,38,3,35
P-002,2026-04-13,Family Suite,18,7,11
P-002,2026-04-13,Penthouse,4,4,0
P-002,2026-04-14,Standard,130,2,128
P-002,2026-04-14,Deluxe,90,4,86
P-002,2026-04-14,Suite,38,1,37
P-002,2026-04-14,Family Suite,18,6,12
P-002,2026-04-14,Penthouse,4,3,1
P-002,2026-04-15,Standard,130,3,127
P-002,2026-04-15,Deluxe,90,6,84
P-002,2026-04-15,Suite,38,3,35
P-002,2026-04-15,Family Suite,18,4,14
P-002,2026-04-15,Penthouse,4,3,1
P-002,2026-04-16,Standard,130,3,127
P-002,2026-04-16,Deluxe,90,5,85
P-002,2026-04-16,Suite,38,3,35
P-002,2026-04-16,Family Suite,18,5,13
P-002,2026-04-16,Penthouse,4,3,1
P-002,2026-04-17,Standard,130,1,129
P-002,2026-04-17,Deluxe,90,4,86
P-002,2026-04-17,Suite,38,3,35
P-002,2026-04-17,Family Suite,18,5,13
P-002,2026-04-17,Penthouse,4,1,3
P-002,2026-04-18,Standard,130,3,127
P-002,2026-04-18,Deluxe,90,3,87
P-002,2026-04-18,Suite,38,4,34
P-002,2026-04-18,Family Suite,18,5,13
P-002,2026-04-18,Penthouse,4,2,2
P-002,2026-04-19,Standard,130,3,127
P-002,2026-04-19,Deluxe,90,3,87
P-002,2026-04-19,Suite,38,4,34
P-002,2026-04-19,Family Suite,18,5,13
P-002,2026-04-19,Penthouse,4,2,2
P-002,2026-04-20,Standard,130,5,125
P-002,2026-04-20,Deluxe,90,3,87
P-002,2026-04-20,Suite,38,3,35
P-002,2026-04-20,Family Suite,18,5,13
P-002,2026-04-20,Penthouse,4,2,2
P-002,2026-04-21,Standard,130,6,124
P-002,2026-04-21,Deluxe,90,2,88
P-002,2026-04-21,Suite,38,2,36
P-002,2026-04-21,Family Suite,18,6,12
P-002,2026-04-21,Penthouse,4,2,2
P-002,2026-04-22,Standard,130,6,124
P-002,2026-04-22,Deluxe,90,1,89
P-002,2026-04-22,Suite,38,1,37
P-002,2026-04-22,Family Suite,18,6,12
P-002,2026-04-22,Penthouse,4,1,3
P-002,2026-04-23,Standard,130,4,126
P-002,2026-04-23,Deluxe,90,2,88
P-002,2026-04-23,Suite,38,1,37
P-002,2026-04-23,Family Suite,18,7,11
P-002,2026-04-23,Penthouse,4,2,2
P-002,2026-04-24,Standard,130,2,128
P-002,2026-04-24,Deluxe,90,3,87
P-002,2026-04-24,Suite,38,2,36
P-002,2026-04-24,Family Suite,18,6,12
P-002,2026-04-24,Penthouse,4,4,0
P-002,2026-04-25,Standard,130,1,129
P-002,2026-04-25,Deluxe,90,4,86
P-002,2026-04-25,Suite,38,2,36
P-002,2026-04-25,Family Suite,18,4,14
P-002,2026-04-25,Penthouse,4,4,0
P-002,2026-04-26,Standard,130,1,129
P-002,2026-04-26,Deluxe,90,5,85
P-002,2026-04-26,Suite,38,3,35
P-002,2026-04-26,Family Suite,18,3,15
P-002,2026-04-26,Penthouse,4,4,0
P-002,2026-04-27,Standard,130,3,127
P-002,2026-04-27,Deluxe,90,4,86
P-002,2026-04-27,Suite,38,5,33
P-002,2026-04-27,Family Suite,18,2,16
P-002,2026-04-27,Penthouse,4,5,0
P-002,2026-04-28,Standard,130,4,126
P-002,2026-04-28,Deluxe,90,4,86
P-002,2026-04-28,Suite,38,5,33
P-002,2026-04-28,Family Suite,18,1,17
P-002,2026-04-28,Penthouse,4,4,0
P-002,2026-04-29,Standard,130,4,126
P-002,2026-04-29,Deluxe,90,3,87
P-002,2026-04-29,Suite,38,4,34
P-002,2026-04-29,Family Suite,18,3,15
P-002,2026-04-29,Penthouse,4,5,0
P-002,2026-04-30,Standard,130,5,125
P-002,2026-04-30,Deluxe,90,3,87
P-002,2026-04-30,Suite,38,2,36
P-002,2026-04-30,Family Suite,18,4,14
P-002,2026-04-30,Penthouse,4,4,0
P-002,2026-05-01,Standard,130,5,125
P-002,2026-05-01,Deluxe,90,3,87
P-002,2026-05-01,Suite,38,2,36
P-002,2026-05-01,Family Suite,18,4,14
P-002,2026-05-01,Penthouse,4,3,1
P-002,2026-05-02,Standard,130,3,127
P-002,2026-05-02,Deluxe,90,4,86
P-002,2026-05-02,Suite,38,4,34
P-002,2026-05-02,Family Suite,18,4,14
P-002,2026-05-02,Penthouse,4,4,0
P-002,2026-05-03,Standard,130,3,127
P-002,2026-05-03,Deluxe,90,3,87
P-002,2026-05-03,Suite,38,4,34
P-002,2026-05-03,Family Suite,18,3,15
P-002,2026-05-03,Penthouse,4,4,0
P-002,2026-05-04,Standard,130,2,128
P-002,2026-05-04,Deluxe,90,3,87
P-002,2026-05-04,Suite,38,3,35
P-002,2026-05-04,Family Suite,18,4,14
P-002,2026-05-04,Penthouse,4,3,1
P-002,2026-05-05,Standard,130,3,127
P-002,2026-05-05,Deluxe,90,4,86
P-002,2026-05-05,Suite,38,4,34
P-002,2026-05-05,Family Suite,18,2,16
P-002,2026-05-05,Penthouse,4,5,0
P-002,2026-05-06,Standard,130,1,129
P-002,2026-05-06,Deluxe,90,2,88
P-002,2026-05-06,Suite,38,4,34
P-002,2026-05-06,Family Suite,18,1,17
P-002,2026-05-06,Penthouse,4,4,0
P-002,2026-05-07,Standard,130,1,129
P-002,2026-05-07,Deluxe,90,3,87
P-002,2026-05-07,Suite,38,6,32
P-002,2026-05-07,Family Suite,18,2,16
P-002,2026-05-07,Penthouse,4,3,1
P-002,2026-05-08,Standard,130,3,127
P-002,2026-05-08,Deluxe,90,1,89
P-002,2026-05-08,Suite,38,5,33
P-002,2026-05-08,Family Suite,18,2,16
P-002,2026-05-08,Penthouse,4,4,0
P-002,2026-05-09,Standard,130,2,128
P-002,2026-05-09,Deluxe,90,1,89
P-002,2026-05-09,Suite,38,3,35
P-002,2026-05-09,Family Suite,18,2,16
P-002,2026-05-09,Penthouse,4,4,0
P-002,2026-05-10,Standard,130,3,127
P-002,2026-05-10,Deluxe,90,3,87
P-002,2026-05-10,Suite,38,4,34
P-002,2026-05-10,Family Suite,18,3,15
P-002,2026-05-10,Penthouse,4,4,0
P-002,2026-05-11,Standard,130,3,127
P-002,2026-05-11,Deluxe,90,4,86
P-002,2026-05-11,Suite,38,3,35
P-002,2026-05-11,Family Suite,18,2,16
P-002,2026-05-11,Penthouse,4,5,0
P-002,2026-05-12,Standard,130,2,128
P-002,2026-05-12,Deluxe,90,4,86
P-002,2026-05-12,Suite,38,2,36
P-002,2026-05-12,Family Suite,18,2,16
P-002,2026-05-12,Penthouse,4,4,0
P-002,2026-05-13,Standard,130,1,129
P-002,2026-05-13,Deluxe,90,5,85
P-002,2026-05-13,Suite,38,0,38
P-002,2026-05-13,Family Suite,18,1,17
P-002,2026-05-13,Penthouse,4,5,0
P-002,2026-05-14,Standard,130,1,129
P-002,2026-05-14,Deluxe,90,5,85
P-002,2026-05-14,Suite,38,1,37
P-002,2026-05-14,Family Suite,18,2,16
P-002,2026-05-14,Penthouse,4,5,0
P-002,2026-05-15,Standard,130,2,128
P-002,2026-05-15,Deluxe,90,7,83
P-002,2026-05-15,Suite,38,1,37
P-002,2026-05-15,Family Suite,18,3,15
P-002,2026-05-15,Penthouse,4,5,0
P-002,2026-05-16,Standard,130,2,128
P-002,2026-05-16,Deluxe,90,8,82
P-002,2026-05-16,Suite,38,2,36
P-002,2026-05-16,Family Suite,18,3,15
P-002,2026-05-16,Penthouse,4,2,2
P-002,2026-05-17,Standard,130,2,128
P-002,2026-05-17,Deluxe,90,5,85
P-002,2026-05-17,Suite,38,5,33
P-002,2026-05-17,Family Suite,18,3,15
P-002,2026-05-17,Penthouse,4,2,2
P-002,2026-05-18,Standard,130,3,127
P-002,2026-05-18,Deluxe,90,4,86
P-002,2026-05-18,Suite,38,6,32
P-002,2026-05-18,Family Suite,18,4,14
P-002,2026-05-18,Penthouse,4,3,1
P-002,2026-05-19,Standard,130,2,128
P-002,2026-05-19,Deluxe,90,4,86
P-002,2026-05-19,Suite,38,4,34
P-002,2026-05-19,Family Suite,18,5,13
P-002,2026-05-19,Penthouse,4,3,1
P-002,2026-05-20,Standard,130,2,128
P-002,2026-05-20,Deluxe,90,3,87
P-002,2026-05-20,Suite,38,4,34
P-002,2026-05-20,Family Suite,18,5,13
P-002,2026-05-20,Penthouse,4,2,2
P-002,2026-05-21,Standard,130,1,129
P-002,2026-05-21,Deluxe,90,2,88
P-002,2026-05-21,Suite,38,5,33
P-002,2026-05-21,Family Suite,18,3,15
P-002,2026-05-21,Penthouse,4,3,1
P-002,2026-05-22,Standard,130,1,129
P-002,2026-05-22,Deluxe,90,4,86
P-002,2026-05-22,Suite,38,4,34
P-002,2026-05-22,Family Suite,18,2,16
P-002,2026-05-22,Penthouse,4,2,2
P-002,2026-05-23,Standard,130,2,128
P-002,2026-05-23,Deluxe,90,3,87
P-002,2026-05-23,Suite,38,2,36
P-002,2026-05-23,Family Suite,18,2,16
P-002,2026-05-23,Penthouse,4,2,2
P-002,2026-05-24,Standard,130,2,128
P-002,2026-05-24,Deluxe,90,4,86
P-002,2026-05-24,Suite,38,4,34
P-002,2026-05-24,Family Suite,18,1,17
P-002,2026-05-24,Penthouse,4,2,2
P-002,2026-05-25,Standard,130,1,129
P-002,2026-05-25,Deluxe,90,5,85
P-002,2026-05-25,Suite,38,3,35
P-002,2026-05-25,Family Suite,18,1,17
P-002,2026-05-25,Penthouse,4,0,4
P-002,2026-05-26,Standard,130,0,130
P-002,2026-05-26,Deluxe,90,5,85
P-002,2026-05-26,Suite,38,4,34
P-002,2026-05-26,Family Suite,18,1,17
P-002,2026-05-26,Penthouse,4,1,3
P-003,2026-02-26,Standard,160,0,160
P-003,2026-02-26,Deluxe,110,0,110
P-003,2026-02-26,Suite,50,0,50
P-003,2026-02-26,Family Suite,26,0,26
P-003,2026-02-26,Penthouse,4,0,4
P-003,2026-02-27,Standard,160,1,159
P-003,2026-02-27,Deluxe,110,0,110
P-003,2026-02-27,Suite,50,1,49
P-003,2026-02-27,Family Suite,26,1,25
P-003,2026-02-27,Penthouse,4,1,3
P-003,2026-02-28,Standard,160,1,159
P-003,2026-02-28,Deluxe,110,2,108
P-003,2026-02-28,Suite,50,2,48
P-003,2026-02-28,Family Suite,26,1,25
P-003,2026-02-28,Penthouse,4,2,2
P-003,2026-03-01,Standard,160,2,158
P-003,2026-03-01,Deluxe,110,2,108
P-003,2026-03-01,Suite,50,2,48
P-003,2026-03-01,Family Suite,26,2,24
P-003,2026-03-01,Penthouse,4,1,3
P-003,2026-03-02,Standard,160,4,156
P-003,2026-03-02,Deluxe,110,1,109
P-003,2026-03-02,Suite,50,1,49
P-003,2026-03-02,Family Suite,26,4,22
P-003,2026-03-02,Penthouse,4,3,1
P-003,2026-03-03,Standard,160,4,156
P-003,2026-03-03,Deluxe,110,1,109
P-003,2026-03-03,Suite,50,1,49
P-003,2026-03-03,Family Suite,26,4,22
P-003,2026-03-03,Penthouse,4,4,0
P-003,2026-03-04,Standard,160,4,156
P-003,2026-03-04,Deluxe,110,1,109
P-003,2026-03-04,Suite,50,3,47
P-003,2026-03-04,Family Suite,26,3,23
P-003,2026-03-04,Penthouse,4,4,0
P-003,2026-03-05,Standard,160,4,156
P-003,2026-03-05,Deluxe,110,4,106
P-003,2026-03-05,Suite,50,5,45
P-003,2026-03-05,Family Suite,26,3,23
P-003,2026-03-05,Penthouse,4,5,0
P-003,2026-03-06,Standard,160,4,156
P-003,2026-03-06,Deluxe,110,5,105
P-003,2026-03-06,Suite,50,4,46
P-003,2026-03-06,Family Suite,26,5,21
P-003,2026-03-06,Penthouse,4,7,0
P-003,2026-03-07,Standard,160,4,156
P-003,2026-03-07,Deluxe,110,5,105
P-003,2026-03-07,Suite,50,4,46
P-003,2026-03-07,Family Suite,26,5,21
P-003,2026-03-07,Penthouse,4,7,0
P-003,2026-03-08,Standard,160,3,157
P-003,2026-03-08,Deluxe,110,6,104
P-003,2026-03-08,Suite,50,5,45
P-003,2026-03-08,Family Suite,26,4,22
P-003,2026-03-08,Penthouse,4,5,0
P-003,2026-03-09,Standard,160,3,157
P-003,2026-03-09,Deluxe,110,7,103
P-003,2026-03-09,Suite,50,4,46
P-003,2026-03-09,Family Suite,26,2,24
P-003,2026-03-09,Penthouse,4,4,0
P-003,2026-03-10,Standard,160,2,158
P-003,2026-03-10,Deluxe,110,6,104
P-003,2026-03-10,Suite,50,4,46
P-003,2026-03-10,Family Suite,26,3,23
P-003,2026-03-10,Penthouse,4,5,0
P-003,2026-03-11,Standard,160,2,158
P-003,2026-03-11,Deluxe,110,4,106
P-003,2026-03-11,Suite,50,3,47
P-003,2026-03-11,Family Suite,26,3,23
P-003,2026-03-11,Penthouse,4,5,0
P-003,2026-03-12,Standard,160,3,157
P-003,2026-03-12,Deluxe,110,5,105
P-003,2026-03-12,Suite,50,1,49
P-003,2026-03-12,Family Suite,26,2,24
P-003,2026-03-12,Penthouse,4,3,1
P-003,2026-03-13,Standard,160,3,157
P-003,2026-03-13,Deluxe,110,5,105
P-003,2026-03-13,Suite,50,2,48
P-003,2026-03-13,Family Suite,26,3,23
P-003,2026-03-13,Penthouse,4,4,0
P-003,2026-03-14,Standard,160,160,0
P-003,2026-03-14,Deluxe,110,110,0
P-003,2026-03-14,Suite,50,50,0
P-003,2026-03-14,Family Suite,26,26,0
P-003,2026-03-14,Penthouse,4,4,0
P-003,2026-03-15,Standard,160,160,0
P-003,2026-03-15,Deluxe,110,110,0
P-003,2026-03-15,Suite,50,50,0
P-003,2026-03-15,Family Suite,26,26,0
P-003,2026-03-15,Penthouse,4,4,0
P-003,2026-03-16,Standard,160,160,0
P-003,2026-03-16,Deluxe,110,110,0
P-003,2026-03-16,Suite,50,50,0
P-003,2026-03-16,Family Suite,26,26,0
P-003,2026-03-16,Penthouse,4,4,0
P-003,2026-03-17,Standard,160,160,0
P-003,2026-03-17,Deluxe,110,110,0
P-003,2026-03-17,Suite,50,50,0
P-003,2026-03-17,Family Suite,26,26,0
P-003,2026-03-17,Penthouse,4,4,0
P-003,2026-03-18,Standard,160,160,0
P-003,2026-03-18,Deluxe,110,110,0
P-003,2026-03-18,Suite,50,50,0
P-003,2026-03-18,Family Suite,26,26,0
P-003,2026-03-18,Penthouse,4,4,0
P-003,2026-03-19,Standard,160,160,0
P-003,2026-03-19,Deluxe,110,110,0
P-003,2026-03-19,Suite,50,50,0
P-003,2026-03-19,Family Suite,26,26,0
P-003,2026-03-19,Penthouse,4,4,0
P-003,2026-03-20,Standard,160,160,0
P-003,2026-03-20,Deluxe,110,110,0
P-003,2026-03-20,Suite,50,50,0
P-003,2026-03-20,Family Suite,26,26,0
P-003,2026-03-20,Penthouse,4,4,0
P-003,2026-03-21,Standard,160,160,0
P-003,2026-03-21,Deluxe,110,110,0
P-003,2026-03-21,Suite,50,50,0
P-003,2026-03-21,Family Suite,26,26,0
P-003,2026-03-21,Penthouse,4,4,0
P-003,2026-03-22,Standard,160,2,158
P-003,2026-03-22,Deluxe,110,5,105
P-003,2026-03-22,Suite,50,7,43
P-003,2026-03-22,Family Suite,26,1,25
P-003,2026-03-22,Penthouse,4,1,3
P-003,2026-03-23,Standard,160,2,158
P-003,2026-03-23,Deluxe,110,5,105
P-003,2026-03-23,Suite,50,5,45
P-003,2026-03-23,Family Suite,26,1,25
P-003,2026-03-23,Penthouse,4,1,3
P-003,2026-03-24,Standard,160,3,157
P-003,2026-03-24,Deluxe,110,5,105
P-003,2026-03-24,Suite,50,5,45
P-003,2026-03-24,Family Suite,26,1,25
P-003,2026-03-24,Penthouse,4,0,4
P-003,2026-03-25,Standard,160,5,155
P-003,2026-03-25,Deluxe,110,7,103
P-003,2026-03-25,Suite,50,4,46
P-003,2026-03-25,Family Suite,26,1,25
P-003,2026-03-25,Penthouse,4,1,3
P-003,2026-03-26,Standard,160,5,155
P-003,2026-03-26,Deluxe,110,5,105
P-003,2026-03-26,Suite,50,5,45
P-003,2026-03-26,Family Suite,26,1,25
P-003,2026-03-26,Penthouse,4,4,0
P-003,2026-03-27,Standard,160,3,157
P-003,2026-03-27,Deluxe,110,3,107
P-003,2026-03-27,Suite,50,2,48
P-003,2026-03-27,Family Suite,26,1,25
P-003,2026-03-27,Penthouse,4,3,1
P-003,2026-03-28,Standard,160,3,157
P-003,2026-03-28,Deluxe,110,3,107
P-003,2026-03-28,Suite,50,4,46
P-003,2026-03-28,Family Suite,26,3,23
P-003,2026-03-28,Penthouse,4,2,2
P-003,2026-03-29,Standard,160,4,156
P-003,2026-03-29,Deluxe,110,2,108
P-003,2026-03-29,Suite,50,4,46
P-003,2026-03-29,Family Suite,26,2,24
P-003,2026-03-29,Penthouse,4,3,1
P-003,2026-03-30,Standard,160,3,157
P-003,2026-03-30,Deluxe,110,1,109
P-003,2026-03-30,Suite,50,3,47
P-003,2026-03-30,Family Suite,26,2,24
P-003,2026-03-30,Penthouse,4,2,2
P-003,2026-03-31,Standard,160,4,156
P-003,2026-03-31,Deluxe,110,1,109
P-003,2026-03-31,Suite,50,3,47
P-003,2026-03-31,Family Suite,26,1,25
P-003,2026-03-31,Penthouse,4,2,2
P-003,2026-04-01,Standard,160,3,157
P-003,2026-04-01,Deluxe,110,0,110
P-003,2026-04-01,Suite,50,1,49
P-003,2026-04-01,Family Suite,26,1,25
P-003,2026-04-01,Penthouse,4,4,0
P-003,2026-04-02,Standard,160,4,156
P-003,2026-04-02,Deluxe,110,1,109
P-003,2026-04-02,Suite,50,1,49
P-003,2026-04-02,Family Suite,26,2,24
P-003,2026-04-02,Penthouse,4,4,0
P-003,2026-04-03,Standard,160,5,155
P-003,2026-04-03,Deluxe,110,1,109
P-003,2026-04-03,Suite,50,1,49
P-003,2026-04-03,Family Suite,26,3,23
P-003,2026-04-03,Penthouse,4,5,0
P-003,2026-04-04,Standard,160,5,155
P-003,2026-04-04,Deluxe,110,1,109
P-003,2026-04-04,Suite,50,1,49
P-003,2026-04-04,Family Suite,26,2,24
P-003,2026-04-04,Penthouse,4,7,0
P-003,2026-04-05,Standard,160,5,155
P-003,2026-04-05,Deluxe,110,3,107
P-003,2026-04-05,Suite,50,1,49
P-003,2026-04-05,Family Suite,26,1,25
P-003,2026-04-05,Penthouse,4,5,0
P-003,2026-04-06,Standard,160,7,153
P-003,2026-04-06,Deluxe,110,3,107
P-003,2026-04-06,Suite,50,3,47
P-003,2026-04-06,Family Suite,26,0,26
P-003,2026-04-06,Penthouse,4,4,0
P-003,2026-04-07,Standard,160,5,155
P-003,2026-04-07,Deluxe,110,3,107
P-003,2026-04-07,Suite,50,4,46
P-003,2026-04-07,Family Suite,26,0,26
P-003,2026-04-07,Penthouse,4,3,1
P-003,2026-04-08,Standard,160,7,153
P-003,2026-04-08,Deluxe,110,4,106
P-003,2026-04-08,Suite,50,5,45
P-003,2026-04-08,Family Suite,26,3,23
P-003,2026-04-08,Penthouse,4,2,2
P-003,2026-04-09,Standard,160,6,154
P-003,2026-04-09,Deluxe,110,3,107
P-003,2026-04-09,Suite,50,3,47
P-003,2026-04-09,Family Suite,26,3,23
P-003,2026-04-09,Penthouse,4,0,4
P-003,2026-04-10,Standard,160,8,152
P-003,2026-04-10,Deluxe,110,4,106
P-003,2026-04-10,Suite,50,4,46
P-003,2026-04-10,Family Suite,26,3,23
P-003,2026-04-10,Penthouse,4,1,3
P-003,2026-04-11,Standard,160,11,149
P-003,2026-04-11,Deluxe,110,4,106
P-003,2026-04-11,Suite,50,3,47
P-003,2026-04-11,Family Suite,26,0,26
P-003,2026-04-11,Penthouse,4,3,1
P-003,2026-04-12,Standard,160,10,150
P-003,2026-04-12,Deluxe,110,4,106
P-003,2026-04-12,Suite,50,2,48
P-003,2026-04-12,Family Suite,26,1,25
P-003,2026-04-12,Penthouse,4,3,1
P-003,2026-04-13,Standard,160,10,150
P-003,2026-04-13,Deluxe,110,6,104
P-003,2026-04-13,Suite,50,1,49
P-003,2026-04-13,Family Suite,26,2,24
P-003,2026-04-13,Penthouse,4,2,2
P-003,2026-04-14,Standard,160,7,153
P-003,2026-04-14,Deluxe,110,4,106
P-003,2026-04-14,Suite,50,2,48
P-003,2026-04-14,Family Suite,26,2,24
P-003,2026-04-14,Penthouse,4,1,3
P-003,2026-04-15,Standard,160,6,154
P-003,2026-04-15,Deluxe,110,5,105
P-003,2026-04-15,Suite,50,3,47
P-003,2026-04-15,Family Suite,26,4,22
P-003,2026-04-15,Penthouse,4,2,2
P-003,2026-04-16,Standard,160,4,156
P-003,2026-04-16,Deluxe,110,5,105
P-003,2026-04-16,Suite,50,3,47
P-003,2026-04-16,Family Suite,26,4,22
P-003,2026-04-16,Penthouse,4,3,1
P-003,2026-04-17,Standard,160,4,156
P-003,2026-04-17,Deluxe,110,5,105
P-003,2026-04-17,Suite,50,3,47
P-003,2026-04-17,Family Suite,26,5,21
P-003,2026-04-17,Penthouse,4,2,2
P-003,2026-04-18,Standard,160,4,156
P-003,2026-04-18,Deluxe,110,5,105
P-003,2026-04-18,Suite,50,3,47
P-003,2026-04-18,Family Suite,26,3,23
P-003,2026-04-18,Penthouse,4,4,0
P-003,2026-04-19,Standard,160,4,156
P-003,2026-04-19,Deluxe,110,3,107
P-003,2026-04-19,Suite,50,2,48
P-003,2026-04-19,Family Suite,26,2,24
P-003,2026-04-19,Penthouse,4,4,0
P-003,2026-04-20,Standard,160,2,158
P-003,2026-04-20,Deluxe,110,5,105
P-003,2026-04-20,Suite,50,7,43
P-003,2026-04-20,Family Suite,26,1,25
P-003,2026-04-20,Penthouse,4,3,1
P-003,2026-04-21,Standard,160,4,156
P-003,2026-04-21,Deluxe,110,7,103
P-003,2026-04-21,Suite,50,6,44
P-003,2026-04-21,Family Suite,26,2,24
P-003,2026-04-21,Penthouse,4,4,0
P-003,2026-04-22,Standard,160,5,155
P-003,2026-04-22,Deluxe,110,6,104
P-003,2026-04-22,Suite,50,5,45
P-003,2026-04-22,Family Suite,26,3,23
P-003,2026-04-22,Penthouse,4,5,0
P-003,2026-04-23,Standard,160,6,154
P-003,2026-04-23,Deluxe,110,6,104
P-003,2026-04-23,Suite,50,6,44
P-003,2026-04-23,Family Suite,26,3,23
P-003,2026-04-23,Penthouse,4,5,0
P-003,2026-04-24,Standard,160,6,154
P-003,2026-04-24,Deluxe,110,6,104
P-003,2026-04-24,Suite,50,5,45
P-003,2026-04-24,Family Suite,26,2,24
P-003,2026-04-24,Penthouse,4,6,0
P-003,2026-04-25,Standard,160,6,154
P-003,2026-04-25,Deluxe,110,5,105
P-003,2026-04-25,Suite,50,3,47
P-003,2026-04-25,Family Suite,26,2,24
P-003,2026-04-25,Penthouse,4,6,0
P-003,2026-04-26,Standard,160,5,155
P-003,2026-04-26,Deluxe,110,5,105
P-003,2026-04-26,Suite,50,2,48
P-003,2026-04-26,Family Suite,26,3,23
P-003,2026-04-26,Penthouse,4,5,0
P-003,2026-04-27,Standard,160,4,156
P-003,2026-04-27,Deluxe,110,4,106
P-003,2026-04-27,Suite,50,2,48
P-003,2026-04-27,Family Suite,26,3,23
P-003,2026-04-27,Penthouse,4,6,0
P-003,2026-04-28,Standard,160,3,157
P-003,2026-04-28,Deluxe,110,4,106
P-003,2026-04-28,Suite,50,2,48
P-003,2026-04-28,Family Suite,26,4,22
P-003,2026-04-28,Penthouse,4,7,0
P-003,2026-04-29,Standard,160,5,155
P-003,2026-04-29,Deluxe,110,2,108
P-003,2026-04-29,Suite,50,4,46
P-003,2026-04-29,Family Suite,26,5,21
P-003,2026-04-29,Penthouse,4,5,0
P-003,2026-04-30,Standard,160,4,156
P-003,2026-04-30,Deluxe,110,4,106
P-003,2026-04-30,Suite,50,3,47
P-003,2026-04-30,Family Suite,26,6,20
P-003,2026-04-30,Penthouse,4,6,0
P-003,2026-05-01,Standard,160,4,156
P-003,2026-05-01,Deluxe,110,4,106
P-003,2026-05-01,Suite,50,4,46
P-003,2026-05-01,Family Suite,26,6,20
P-003,2026-05-01,Penthouse,4,5,0
P-003,2026-05-02,Standard,160,3,157
P-003,2026-05-02,Deluxe,110,5,105
P-003,2026-05-02,Suite,50,5,45
P-003,2026-05-02,Family Suite,26,4,22
P-003,2026-05-02,Penthouse,4,6,0
P-003,2026-05-03,Standard,160,5,155
P-003,2026-05-03,Deluxe,110,4,106
P-003,2026-05-03,Suite,50,7,43
P-003,2026-05-03,Family Suite,26,6,20
P-003,2026-05-03,Penthouse,4,7,0
P-003,2026-05-04,Standard,160,5,155
P-003,2026-05-04,Deluxe,110,7,103
P-003,2026-05-04,Suite,50,7,43
P-003,2026-05-04,Family Suite,26,6,20
P-003,2026-05-04,Penthouse,4,4,0
P-003,2026-05-05,Standard,160,4,156
P-003,2026-05-05,Deluxe,110,6,104
P-003,2026-05-05,Suite,50,7,43
P-003,2026-05-05,Family Suite,26,8,18
P-003,2026-05-05,Penthouse,4,3,1
P-003,2026-05-06,Standard,160,3,157
P-003,2026-05-06,Deluxe,110,8,102
P-003,2026-05-06,Suite,50,6,44
P-003,2026-05-06,Family Suite,26,5,21
P-003,2026-05-06,Penthouse,4,2,2
P-003,2026-05-07,Standard,160,3,157
P-003,2026-05-07,Deluxe,110,7,103
P-003,2026-05-07,Suite,50,7,43
P-003,2026-05-07,Family Suite,26,3,23
P-003,2026-05-07,Penthouse,4,2,2
P-003,2026-05-08,Standard,160,3,157
P-003,2026-05-08,Deluxe,110,6,104
P-003,2026-05-08,Suite,50,6,44
P-003,2026-05-08,Family Suite,26,2,24
P-003,2026-05-08,Penthouse,4,3,1
P-003,2026-05-09,Standard,160,4,156
P-003,2026-05-09,Deluxe,110,7,103
P-003,2026-05-09,Suite,50,5,45
P-003,2026-05-09,Family Suite,26,3,23
P-003,2026-05-09,Penthouse,4,4,0
P-003,2026-05-10,Standard,160,5,155
P-003,2026-05-10,Deluxe,110,5,105
P-003,2026-05-10,Suite,50,4,46
P-003,2026-05-10,Family Suite,26,3,23
P-003,2026-05-10,Penthouse,4,5,0
P-003,2026-05-11,Standard,160,7,153
P-003,2026-05-11,Deluxe,110,5,105
P-003,2026-05-11,Suite,50,5,45
P-003,2026-05-11,Family Suite,26,3,23
P-003,2026-05-11,Penthouse,4,5,0
P-003,2026-05-12,Standard,160,10,150
P-003,2026-05-12,Deluxe,110,4,106
P-003,2026-05-12,Suite,50,4,46
P-003,2026-05-12,Family Suite,26,2,24
P-003,2026-05-12,Penthouse,4,6,0
P-003,2026-05-13,Standard,160,10,150
P-003,2026-05-13,Deluxe,110,4,106
P-003,2026-05-13,Suite,50,2,48
P-003,2026-05-13,Family Suite,26,2,24
P-003,2026-05-13,Penthouse,4,7,0
P-003,2026-05-14,Standard,160,8,152
P-003,2026-05-14,Deluxe,110,3,107
P-003,2026-05-14,Suite,50,3,47
P-003,2026-05-14,Family Suite,26,4,22
P-003,2026-05-14,Penthouse,4,8,0
P-003,2026-05-15,Standard,160,8,152
P-003,2026-05-15,Deluxe,110,3,107
P-003,2026-05-15,Suite,50,4,46
P-003,2026-05-15,Family Suite,26,5,21
P-003,2026-05-15,Penthouse,4,7,0
P-003,2026-05-16,Standard,160,8,152
P-003,2026-05-16,Deluxe,110,3,107
P-003,2026-05-16,Suite,50,4,46
P-003,2026-05-16,Family Suite,26,3,23
P-003,2026-05-16,Penthouse,4,9,0
P-003,2026-05-17,Standard,160,6,154
P-003,2026-05-17,Deluxe,110,4,106
P-003,2026-05-17,Suite,50,5,45
P-003,2026-05-17,Family Suite,26,4,22
P-003,2026-05-17,Penthouse,4,7,0
P-003,2026-05-18,Standard,160,7,153
P-003,2026-05-18,Deluxe,110,5,105
P-003,2026-05-18,Suite,50,5,45
P-003,2026-05-18,Family Suite,26,4,22
P-003,2026-05-18,Penthouse,4,6,0
P-003,2026-05-19,Standard,160,6,154
P-003,2026-05-19,Deluxe,110,5,105
P-003,2026-05-19,Suite,50,2,48
P-003,2026-05-19,Family Suite,26,3,23
P-003,2026-05-19,Penthouse,4,8,0
P-003,2026-05-20,Standard,160,7,153
P-003,2026-05-20,Deluxe,110,4,106
P-003,2026-05-20,Suite,50,2,48
P-003,2026-05-20,Family Suite,26,4,22
P-003,2026-05-20,Penthouse,4,7,0
P-003,2026-05-21,Standard,160,6,154
P-003,2026-05-21,Deluxe,110,3,107
P-003,2026-05-21,Suite,50,2,48
P-003,2026-05-21,Family Suite,26,3,23
P-003,2026-05-21,Penthouse,4,5,0
P-003,2026-05-22,Standard,160,6,154
P-003,2026-05-22,Deluxe,110,3,107
P-003,2026-05-22,Suite,50,2,48
P-003,2026-05-22,Family Suite,26,5,21
P-003,2026-05-22,Penthouse,4,9,0
P-003,2026-05-23,Standard,160,6,154
P-003,2026-05-23,Deluxe,110,4,106
P-003,2026-05-23,Suite,50,1,49
P-003,2026-05-23,Family Suite,26,5,21
P-003,2026-05-23,Penthouse,4,7,0
P-003,2026-05-24,Standard,160,8,152
P-003,2026-05-24,Deluxe,110,3,107
P-003,2026-05-24,Suite,50,2,48
P-003,2026-05-24,Family Suite,26,6,20
P-003,2026-05-24,Penthouse,4,6,0
P-003,2026-05-25,Standard,160,7,153
P-003,2026-05-25,Deluxe,110,2,108
P-003,2026-05-25,Suite,50,1,49
P-003,2026-05-25,Family Suite,26,6,20
P-003,2026-05-25,Penthouse,4,6,0
P-003,2026-05-26,Standard,160,6,154
P-003,2026-05-26,Deluxe,110,2,108
P-003,2026-05-26,Suite,50,2,48
P-003,2026-05-26,Family Suite,26,4,22
P-003,2026-05-26,Penthouse,4,6,0
P-004,2026-02-26,Standard,34,0,34
P-004,2026-02-26,Deluxe,26,0,26
P-004,2026-02-26,Suite,14,0,14
P-004,2026-02-26,Family Suite,8,0,8
P-004,2026-02-26,Penthouse,3,0,3
P-004,2026-02-27,Standard,34,0,34
P-004,2026-02-27,Deluxe,26,0,26
P-004,2026-02-27,Suite,14,0,14
P-004,2026-02-27,Family Suite,8,0,8
P-004,2026-02-27,Penthouse,3,0,3
P-004,2026-02-28,Standard,34,0,34
P-004,2026-02-28,Deluxe,26,1,25
P-004,2026-02-28,Suite,14,1,13
P-004,2026-02-28,Family Suite,8,0,8
P-004,2026-02-28,Penthouse,3,0,3
P-004,2026-03-01,Standard,34,0,34
P-004,2026-03-01,Deluxe,26,1,25
P-004,2026-03-01,Suite,14,1,13
P-004,2026-03-01,Family Suite,8,0,8
P-004,2026-03-01,Penthouse,3,0,3
P-004,2026-03-02,Standard,34,0,34
P-004,2026-03-02,Deluxe,26,1,25
P-004,2026-03-02,Suite,14,0,14
P-004,2026-03-02,Family Suite,8,0,8
P-004,2026-03-02,Penthouse,3,0,3
P-004,2026-03-03,Standard,34,0,34
P-004,2026-03-03,Deluxe,26,1,25
P-004,2026-03-03,Suite,14,0,14
P-004,2026-03-03,Family Suite,8,0,8
P-004,2026-03-03,Penthouse,3,0,3
P-004,2026-03-04,Standard,34,0,34
P-004,2026-03-04,Deluxe,26,0,26
P-004,2026-03-04,Suite,14,0,14
P-004,2026-03-04,Family Suite,8,0,8
P-004,2026-03-04,Penthouse,3,1,2
P-004,2026-03-05,Standard,34,0,34
P-004,2026-03-05,Deluxe,26,0,26
P-004,2026-03-05,Suite,14,0,14
P-004,2026-03-05,Family Suite,8,0,8
P-004,2026-03-05,Penthouse,3,1,2
P-004,2026-03-06,Standard,34,0,34
P-004,2026-03-06,Deluxe,26,0,26
P-004,2026-03-06,Suite,14,0,14
P-004,2026-03-06,Family Suite,8,0,8
P-004,2026-03-06,Penthouse,3,2,1
P-004,2026-03-07,Standard,34,0,34
P-004,2026-03-07,Deluxe,26,0,26
P-004,2026-03-07,Suite,14,0,14
P-004,2026-03-07,Family Suite,8,1,7
P-004,2026-03-07,Penthouse,3,2,1
P-004,2026-03-08,Standard,34,0,34
P-004,2026-03-08,Deluxe,26,1,25
P-004,2026-03-08,Suite,14,1,13
P-004,2026-03-08,Family Suite,8,1,7
P-004,2026-03-08,Penthouse,3,2,1
P-004,2026-03-09,Standard,34,0,34
P-004,2026-03-09,Deluxe,26,1,25
P-004,2026-03-09,Suite,14,1,13
P-004,2026-03-09,Family Suite,8,1,7
P-004,2026-03-09,Penthouse,3,0,3
P-004,2026-03-10,Standard,34,0,34
P-004,2026-03-10,Deluxe,26,0,26
P-004,2026-03-10,Suite,14,1,13
P-004,2026-03-10,Family Suite,8,2,6
P-004,2026-03-10,Penthouse,3,0,3
P-004,2026-03-11,Standard,34,1,33
P-004,2026-03-11,Deluxe,26,0,26
P-004,2026-03-11,Suite,14,1,13
P-004,2026-03-11,Family Suite,8,2,6
P-004,2026-03-11,Penthouse,3,1,2
P-004,2026-03-12,Standard,34,1,33
P-004,2026-03-12,Deluxe,26,0,26
P-004,2026-03-12,Suite,14,1,13
P-004,2026-03-12,Family Suite,8,3,5
P-004,2026-03-12,Penthouse,3,1,2
P-004,2026-03-13,Standard,34,2,32
P-004,2026-03-13,Deluxe,26,0,26
P-004,2026-03-13,Suite,14,2,12
P-004,2026-03-13,Family Suite,8,5,3
P-004,2026-03-13,Penthouse,3,1,2
P-004,2026-03-14,Standard,34,2,32
P-004,2026-03-14,Deluxe,26,0,26
P-004,2026-03-14,Suite,14,1,13
P-004,2026-03-14,Family Suite,8,5,3
P-004,2026-03-14,Penthouse,3,1,2
P-004,2026-03-15,Standard,34,2,32
P-004,2026-03-15,Deluxe,26,0,26
P-004,2026-03-15,Suite,14,0,14
P-004,2026-03-15,Family Suite,8,5,3
P-004,2026-03-15,Penthouse,3,1,2
P-004,2026-03-16,Standard,34,2,32
P-004,2026-03-16,Deluxe,26,0,26
P-004,2026-03-16,Suite,14,0,14
P-004,2026-03-16,Family Suite,8,6,2
P-004,2026-03-16,Penthouse,3,1,2
P-004,2026-03-17,Standard,34,3,31
P-004,2026-03-17,Deluxe,26,1,25
P-004,2026-03-17,Suite,14,0,14
P-004,2026-03-17,Family Suite,8,7,1
P-004,2026-03-17,Penthouse,3,2,1
P-004,2026-03-18,Standard,34,2,32
P-004,2026-03-18,Deluxe,26,1,25
P-004,2026-03-18,Suite,14,0,14
P-004,2026-03-18,Family Suite,8,5,3
P-004,2026-03-18,Penthouse,3,1,2
P-004,2026-03-19,Standard,34,3,31
P-004,2026-03-19,Deluxe,26,0,26
P-004,2026-03-19,Suite,14,0,14
P-004,2026-03-19,Family Suite,8,2,6
P-004,2026-03-19,Penthouse,3,1,2
P-004,2026-03-20,Standard,34,4,30
P-004,2026-03-20,Deluxe,26,0,26
P-004,2026-03-20,Suite,14,0,14
P-004,2026-03-20,Family Suite,8,3,5
P-004,2026-03-20,Penthouse,3,1,2
P-004,2026-03-21,Standard,34,3,31
P-004,2026-03-21,Deluxe,26,0,26
P-004,2026-03-21,Suite,14,0,14
P-004,2026-03-21,Family Suite,8,3,5
P-004,2026-03-21,Penthouse,3,2,1
P-004,2026-03-22,Standard,34,2,32
P-004,2026-03-22,Deluxe,26,0,26
P-004,2026-03-22,Suite,14,0,14
P-004,2026-03-22,Family Suite,8,1,7
P-004,2026-03-22,Penthouse,3,4,0
P-004,2026-03-23,Standard,34,2,32
P-004,2026-03-23,Deluxe,26,0,26
P-004,2026-03-23,Suite,14,0,14
P-004,2026-03-23,Family Suite,8,0,8
P-004,2026-03-23,Penthouse,3,6,0
P-004,2026-03-24,Standard,34,2,32
P-004,2026-03-24,Deluxe,26,0,26
P-004,2026-03-24,Suite,14,1,13
P-004,2026-03-24,Family Suite,8,0,8
P-004,2026-03-24,Penthouse,3,5,0
P-004,2026-03-25,Standard,34,1,33
P-004,2026-03-25,Deluxe,26,1,25
P-004,2026-03-25,Suite,14,1,13
P-004,2026-03-25,Family Suite,8,0,8
P-004,2026-03-25,Penthouse,3,5,0
P-004,2026-03-26,Standard,34,0,34
P-004,2026-03-26,Deluxe,26,1,25
P-004,2026-03-26,Suite,14,1,13
P-004,2026-03-26,Family Suite,8,1,7
P-004,2026-03-26,Penthouse,3,3,0
P-004,2026-03-27,Standard,34,0,34
P-004,2026-03-27,Deluxe,26,1,25
P-004,2026-03-27,Suite,14,1,13
P-004,2026-03-27,Family Suite,8,2,6
P-004,2026-03-27,Penthouse,3,3,0
P-004,2026-03-28,Standard,34,0,34
P-004,2026-03-28,Deluxe,26,1,25
P-004,2026-03-28,Suite,14,1,13
P-004,2026-03-28,Family Suite,8,2,6
P-004,2026-03-28,Penthouse,3,3,0
P-004,2026-03-29,Standard,34,0,34
P-004,2026-03-29,Deluxe,26,1,25
P-004,2026-03-29,Suite,14,1,13
P-004,2026-03-29,Family Suite,8,2,6
P-004,2026-03-29,Penthouse,3,2,1
P-004,2026-03-30,Standard,34,0,34
P-004,2026-03-30,Deluxe,26,2,24
P-004,2026-03-30,Suite,14,2,12
P-004,2026-03-30,Family Suite,8,1,7
P-004,2026-03-30,Penthouse,3,1,2
P-004,2026-03-31,Standard,34,0,34
P-004,2026-03-31,Deluxe,26,2,24
P-004,2026-03-31,Suite,14,1,13
P-004,2026-03-31,Family Suite,8,1,7
P-004,2026-03-31,Penthouse,3,1,2
P-004,2026-04-01,Standard,34,0,34
P-004,2026-04-01,Deluxe,26,1,25
P-004,2026-04-01,Suite,14,0,14
P-004,2026-04-01,Family Suite,8,1,7
P-004,2026-04-01,Penthouse,3,1,2
P-004,2026-04-02,Standard,34,0,34
P-004,2026-04-02,Deluxe,26,1,25
P-004,2026-04-02,Suite,14,1,13
P-004,2026-04-02,Family Suite,8,0,8
P-004,2026-04-02,Penthouse,3,1,2
P-004,2026-04-03,Standard,34,0,34
P-004,2026-04-03,Deluxe,26,1,25
P-004,2026-04-03,Suite,14,1,13
P-004,2026-04-03,Family Suite,8,1,7
P-004,2026-04-03,Penthouse,3,0,3
P-004,2026-04-04,Standard,34,0,34
P-004,2026-04-04,Deluxe,26,1,25
P-004,2026-04-04,Suite,14,2,12
P-004,2026-04-04,Family Suite,8,1,7
P-004,2026-04-04,Penthouse,3,0,3
P-004,2026-04-05,Standard,34,0,34
P-004,2026-04-05,Deluxe,26,0,26
P-004,2026-04-05,Suite,14,2,12
P-004,2026-04-05,Family Suite,8,1,7
P-004,2026-04-05,Penthouse,3,0,3
P-004,2026-04-06,Standard,34,0,34
P-004,2026-04-06,Deluxe,26,2,24
P-004,2026-04-06,Suite,14,1,13
P-004,2026-04-06,Family Suite,8,2,6
P-004,2026-04-06,Penthouse,3,0,3
P-004,2026-04-07,Standard,34,0,34
P-004,2026-04-07,Deluxe,26,2,24
P-004,2026-04-07,Suite,14,1,13
P-004,2026-04-07,Family Suite,8,2,6
P-004,2026-04-07,Penthouse,3,0,3
P-004,2026-04-08,Standard,34,0,34
P-004,2026-04-08,Deluxe,26,2,24
P-004,2026-04-08,Suite,14,1,13
P-004,2026-04-08,Family Suite,8,2,6
P-004,2026-04-08,Penthouse,3,0,3
P-004,2026-04-09,Standard,34,0,34
P-004,2026-04-09,Deluxe,26,3,23
P-004,2026-04-09,Suite,14,1,13
P-004,2026-04-09,Family Suite,8,2,6
P-004,2026-04-09,Penthouse,3,1,2
P-004,2026-04-10,Standard,34,0,34
P-004,2026-04-10,Deluxe,26,1,25
P-004,2026-04-10,Suite,14,1,13
P-004,2026-04-10,Family Suite,8,1,7
P-004,2026-04-10,Penthouse,3,2,1
P-004,2026-04-11,Standard,34,0,34
P-004,2026-04-11,Deluxe,26,1,25
P-004,2026-04-11,Suite,14,1,13
P-004,2026-04-11,Family Suite,8,1,7
P-004,2026-04-11,Penthouse,3,4,0
P-004,2026-04-12,Standard,34,0,34
P-004,2026-04-12,Deluxe,26,1,25
P-004,2026-04-12,Suite,14,2,12
P-004,2026-04-12,Family Suite,8,1,7
P-004,2026-04-12,Penthouse,3,4,0
P-004,2026-04-13,Standard,34,0,34
P-004,2026-04-13,Deluxe,26,1,25
P-004,2026-04-13,Suite,14,2,12
P-004,2026-04-13,Family Suite,8,2,6
P-004,2026-04-13,Penthouse,3,4,0
P-004,2026-04-14,Standard,34,0,34
P-004,2026-04-14,Deluxe,26,1,25
P-004,2026-04-14,Suite,14,1,13
P-004,2026-04-14,Family Suite,8,2,6
P-004,2026-04-14,Penthouse,3,5,0
P-004,2026-04-15,Standard,34,0,34
P-004,2026-04-15,Deluxe,26,1,25
P-004,2026-04-15,Suite,14,1,13
P-004,2026-04-15,Family Suite,8,2,6
P-004,2026-04-15,Penthouse,3,3,0
P-004,2026-04-16,Standard,34,1,33
P-004,2026-04-16,Deluxe,26,1,25
P-004,2026-04-16,Suite,14,0,14
P-004,2026-04-16,Family Suite,8,1,7
P-004,2026-04-16,Penthouse,3,3,0
P-004,2026-04-17,Standard,34,1,33
P-004,2026-04-17,Deluxe,26,1,25
P-004,2026-04-17,Suite,14,0,14
P-004,2026-04-17,Family Suite,8,1,7
P-004,2026-04-17,Penthouse,3,2,1
P-004,2026-04-18,Standard,34,2,32
P-004,2026-04-18,Deluxe,26,0,26
P-004,2026-04-18,Suite,14,1,13
P-004,2026-04-18,Family Suite,8,0,8
P-004,2026-04-18,Penthouse,3,1,2
P-004,2026-04-19,Standard,34,2,32
P-004,2026-04-19,Deluxe,26,0,26
P-004,2026-04-19,Suite,14,2,12
P-004,2026-04-19,Family Suite,8,0,8
P-004,2026-04-19,Penthouse,3,2,1
P-004,2026-04-20,Standard,34,0,34
P-004,2026-04-20,Deluxe,26,0,26
P-004,2026-04-20,Suite,14,1,13
P-004,2026-04-20,Family Suite,8,0,8
P-004,2026-04-20,Penthouse,3,3,0
P-004,2026-04-21,Standard,34,0,34
P-004,2026-04-21,Deluxe,26,0,26
P-004,2026-04-21,Suite,14,0,14
P-004,2026-04-21,Family Suite,8,0,8
P-004,2026-04-21,Penthouse,3,3,0
P-004,2026-04-22,Standard,34,1,33
P-004,2026-04-22,Deluxe,26,0,26
P-004,2026-04-22,Suite,14,0,14
P-004,2026-04-22,Family Suite,8,0,8
P-004,2026-04-22,Penthouse,3,2,1
P-004,2026-04-23,Standard,34,1,33
P-004,2026-04-23,Deluxe,26,0,26
P-004,2026-04-23,Suite,14,1,13
P-004,2026-04-23,Family Suite,8,1,7
P-004,2026-04-23,Penthouse,3,1,2
P-004,2026-04-24,Standard,34,1,33
P-004,2026-04-24,Deluxe,26,0,26
P-004,2026-04-24,Suite,14,1,13
P-004,2026-04-24,Family Suite,8,1,7
P-004,2026-04-24,Penthouse,3,2,1
P-004,2026-04-25,Standard,34,1,33
P-004,2026-04-25,Deluxe,26,0,26
P-004,2026-04-25,Suite,14,1,13
P-004,2026-04-25,Family Suite,8,2,6
P-004,2026-04-25,Penthouse,3,3,0
P-004,2026-04-26,Standard,34,1,33
P-004,2026-04-26,Deluxe,26,0,26
P-004,2026-04-26,Suite,14,1,13
P-004,2026-04-26,Family Suite,8,2,6
P-004,2026-04-26,Penthouse,3,2,1
P-004,2026-04-27,Standard,34,0,34
P-004,2026-04-27,Deluxe,26,1,25
P-004,2026-04-27,Suite,14,1,13
P-004,2026-04-27,Family Suite,8,2,6
P-004,2026-04-27,Penthouse,3,2,1
P-004,2026-04-28,Standard,34,0,34
P-004,2026-04-28,Deluxe,26,2,24
P-004,2026-04-28,Suite,14,1,13
P-004,2026-04-28,Family Suite,8,0,8
P-004,2026-04-28,Penthouse,3,1,2
P-004,2026-04-29,Standard,34,1,33
P-004,2026-04-29,Deluxe,26,2,24
P-004,2026-04-29,Suite,14,1,13
P-004,2026-04-29,Family Suite,8,0,8
P-004,2026-04-29,Penthouse,3,0,3
P-004,2026-04-30,Standard,34,1,33
P-004,2026-04-30,Deluxe,26,2,24
P-004,2026-04-30,Suite,14,1,13
P-004,2026-04-30,Family Suite,8,0,8
P-004,2026-04-30,Penthouse,3,1,2
P-004,2026-05-01,Standard,34,1,33
P-004,2026-05-01,Deluxe,26,2,24
P-004,2026-05-01,Suite,14,1,13
P-004,2026-05-01,Family Suite,8,1,7
P-004,2026-05-01,Penthouse,3,3,0
P-004,2026-05-02,Standard,34,1,33
P-004,2026-05-02,Deluxe,26,2,24
P-004,2026-05-02,Suite,14,1,13
P-004,2026-05-02,Family Suite,8,2,6
P-004,2026-05-02,Penthouse,3,3,0
P-004,2026-05-03,Standard,34,0,34
P-004,2026-05-03,Deluxe,26,2,24
P-004,2026-05-03,Suite,14,1,13
P-004,2026-05-03,Family Suite,8,2,6
P-004,2026-05-03,Penthouse,3,3,0
P-004,2026-05-04,Standard,34,0,34
P-004,2026-05-04,Deluxe,26,0,26
P-004,2026-05-04,Suite,14,2,12
P-004,2026-05-04,Family Suite,8,2,6
P-004,2026-05-04,Penthouse,3,3,0
P-004,2026-05-05,Standard,34,0,34
P-004,2026-05-05,Deluxe,26,0,26
P-004,2026-05-05,Suite,14,2,12
P-004,2026-05-05,Family Suite,8,1,7
P-004,2026-05-05,Penthouse,3,3,0
P-004,2026-05-06,Standard,34,1,33
P-004,2026-05-06,Deluxe,26,0,26
P-004,2026-05-06,Suite,14,2,12
P-004,2026-05-06,Family Suite,8,1,7
P-004,2026-05-06,Penthouse,3,2,1
P-004,2026-05-07,Standard,34,2,32
P-004,2026-05-07,Deluxe,26,1,25
P-004,2026-05-07,Suite,14,3,11
P-004,2026-05-07,Family Suite,8,0,8
P-004,2026-05-07,Penthouse,3,2,1
P-004,2026-05-08,Standard,34,2,32
P-004,2026-05-08,Deluxe,26,1,25
P-004,2026-05-08,Suite,14,3,11
P-004,2026-05-08,Family Suite,8,0,8
P-004,2026-05-08,Penthouse,3,1,2
P-004,2026-05-09,Standard,34,2,32
P-004,2026-05-09,Deluxe,26,1,25
P-004,2026-05-09,Suite,14,3,11
P-004,2026-05-09,Family Suite,8,1,7
P-004,2026-05-09,Penthouse,3,1,2
P-004,2026-05-10,Standard,34,4,30
P-004,2026-05-10,Deluxe,26,1,25
P-004,2026-05-10,Suite,14,3,11
P-004,2026-05-10,Family Suite,8,1,7
P-004,2026-05-10,Penthouse,3,1,2
P-004,2026-05-11,Standard,34,5,29
P-004,2026-05-11,Deluxe,26,1,25
P-004,2026-05-11,Suite,14,3,11
P-004,2026-05-11,Family Suite,8,1,7
P-004,2026-05-11,Penthouse,3,1,2
P-004,2026-05-12,Standard,34,6,28
P-004,2026-05-12,Deluxe,26,0,26
P-004,2026-05-12,Suite,14,2,12
P-004,2026-05-12,Family Suite,8,1,7
P-004,2026-05-12,Penthouse,3,0,3
P-004,2026-05-13,Standard,34,5,29
P-004,2026-05-13,Deluxe,26,0,26
P-004,2026-05-13,Suite,14,3,11
P-004,2026-05-13,Family Suite,8,1,7
P-004,2026-05-13,Penthouse,3,0,3
P-004,2026-05-14,Standard,34,4,30
P-004,2026-05-14,Deluxe,26,0,26
P-004,2026-05-14,Suite,14,2,12
P-004,2026-05-14,Family Suite,8,1,7
P-004,2026-05-14,Penthouse,3,1,2
P-004,2026-05-15,Standard,34,3,31
P-004,2026-05-15,Deluxe,26,1,25
P-004,2026-05-15,Suite,14,2,12
P-004,2026-05-15,Family Suite,8,2,6
P-004,2026-05-15,Penthouse,3,1,2
P-004,2026-05-16,Standard,34,3,31
P-004,2026-05-16,Deluxe,26,1,25
P-004,2026-05-16,Suite,14,1,13
P-004,2026-05-16,Family Suite,8,3,5
P-004,2026-05-16,Penthouse,3,2,1
P-004,2026-05-17,Standard,34,3,31
P-004,2026-05-17,Deluxe,26,1,25
P-004,2026-05-17,Suite,14,3,11
P-004,2026-05-17,Family Suite,8,3,5
P-004,2026-05-17,Penthouse,3,3,0
P-004,2026-05-18,Standard,34,2,32
P-004,2026-05-18,Deluxe,26,1,25
P-004,2026-05-18,Suite,14,3,11
P-004,2026-05-18,Family Suite,8,2,6
P-004,2026-05-18,Penthouse,3,3,0
P-004,2026-05-19,Standard,34,3,31
P-004,2026-05-19,Deluxe,26,0,26
P-004,2026-05-19,Suite,14,2,12
P-004,2026-05-19,Family Suite,8,1,7
P-004,2026-05-19,Penthouse,3,4,0
P-004,2026-05-20,Standard,34,1,33
P-004,2026-05-20,Deluxe,26,0,26
P-004,2026-05-20,Suite,14,2,12
P-004,2026-05-20,Family Suite,8,1,7
P-004,2026-05-20,Penthouse,3,3,0
P-004,2026-05-21,Standard,34,2,32
P-004,2026-05-21,Deluxe,26,1,25
P-004,2026-05-21,Suite,14,2,12
P-004,2026-05-21,Family Suite,8,1,7
P-004,2026-05-21,Penthouse,3,3,0
P-004,2026-05-22,Standard,34,4,30
P-004,2026-05-22,Deluxe,26,1,25
P-004,2026-05-22,Suite,14,2,12
P-004,2026-05-22,Family Suite,8,1,7
P-004,2026-05-22,Penthouse,3,2,1
P-004,2026-05-23,Standard,34,5,29
P-004,2026-05-23,Deluxe,26,2,24
P-004,2026-05-23,Suite,14,2,12
P-004,2026-05-23,Family Suite,8,1,7
P-004,2026-05-23,Penthouse,3,1,2
P-004,2026-05-24,Standard,34,5,29
P-004,2026-05-24,Deluxe,26,3,23
P-004,2026-05-24,Suite,14,2,12
P-004,2026-05-24,Family Suite,8,1,7
P-004,2026-05-24,Penthouse,3,2,1
P-004,2026-05-25,Standard,34,6,28
P-004,2026-05-25,Deluxe,26,5,21
P-004,2026-05-25,Suite,14,2,12
P-004,2026-05-25,Family Suite,8,1,7
P-004,2026-05-25,Penthouse,3,2,1
P-004,2026-05-26,Standard,34,3,31
P-004,2026-05-26,Deluxe,26,4,22
P-004,2026-05-26,Suite,14,2,12
P-004,2026-05-26,Family Suite,8,1,7
P-004,2026-05-26,Penthouse,3,2,1
P-005,2026-02-26,Standard,24,0,24
P-005,2026-02-26,Deluxe,20,0,20
P-005,2026-02-26,Suite,10,0,10
P-005,2026-02-26,Family Suite,4,0,4
P-005,2026-02-26,Penthouse,2,0,2
P-005,2026-02-27,Standard,24,0,24
P-005,2026-02-27,Deluxe,20,0,20
P-005,2026-02-27,Suite,10,0,10
P-005,2026-02-27,Family Suite,4,0,4
P-005,2026-02-27,Penthouse,2,0,2
P-005,2026-02-28,Standard,24,2,22
P-005,2026-02-28,Deluxe,20,0,20
P-005,2026-02-28,Suite,10,1,9
P-005,2026-02-28,Family Suite,4,0,4
P-005,2026-02-28,Penthouse,2,0,2
P-005,2026-03-01,Standard,24,2,22
P-005,2026-03-01,Deluxe,20,0,20
P-005,2026-03-01,Suite,10,1,9
P-005,2026-03-01,Family Suite,4,0,4
P-005,2026-03-01,Penthouse,2,1,1
P-005,2026-03-02,Standard,24,2,22
P-005,2026-03-02,Deluxe,20,0,20
P-005,2026-03-02,Suite,10,1,9
P-005,2026-03-02,Family Suite,4,0,4
P-005,2026-03-02,Penthouse,2,2,0
P-005,2026-03-03,Standard,24,2,22
P-005,2026-03-03,Deluxe,20,0,20
P-005,2026-03-03,Suite,10,3,7
P-005,2026-03-03,Family Suite,4,0,4
P-005,2026-03-03,Penthouse,2,2,0
P-005,2026-03-04,Standard,24,2,22
P-005,2026-03-04,Deluxe,20,0,20
P-005,2026-03-04,Suite,10,3,7
P-005,2026-03-04,Family Suite,4,0,4
P-005,2026-03-04,Penthouse,2,2,0
P-005,2026-03-05,Standard,24,1,23
P-005,2026-03-05,Deluxe,20,0,20
P-005,2026-03-05,Suite,10,4,6
P-005,2026-03-05,Family Suite,4,0,4
P-005,2026-03-05,Penthouse,2,4,0
P-005,2026-03-06,Standard,24,2,22
P-005,2026-03-06,Deluxe,20,0,20
P-005,2026-03-06,Suite,10,6,4
P-005,2026-03-06,Family Suite,4,1,3
P-005,2026-03-06,Penthouse,2,5,0
P-005,2026-03-07,Standard,24,3,21
P-005,2026-03-07,Deluxe,20,1,19
P-005,2026-03-07,Suite,10,6,4
P-005,2026-03-07,Family Suite,4,1,3
P-005,2026-03-07,Penthouse,2,4,0
P-005,2026-03-08,Standard,24,2,22
P-005,2026-03-08,Deluxe,20,1,19
P-005,2026-03-08,Suite,10,8,2
P-005,2026-03-08,Family Suite,4,1,3
P-005,2026-03-08,Penthouse,2,5,0
P-005,2026-03-09,Standard,24,2,22
P-005,2026-03-09,Deluxe,20,3,17
P-005,2026-03-09,Suite,10,7,3
P-005,2026-03-09,Family Suite,4,2,2
P-005,2026-03-09,Penthouse,2,4,0
P-005,2026-03-10,Standard,24,3,21
P-005,2026-03-10,Deluxe,20,3,17
P-005,2026-03-10,Suite,10,6,4
P-005,2026-03-10,Family Suite,4,2,2
P-005,2026-03-10,Penthouse,2,3,0
P-005,2026-03-11,Standard,24,2,22
P-005,2026-03-11,Deluxe,20,3,17
P-005,2026-03-11,Suite,10,5,5
P-005,2026-03-11,Family Suite,4,2,2
P-005,2026-03-11,Penthouse,2,3,0
P-005,2026-03-12,Standard,24,2,22
P-005,2026-03-12,Deluxe,20,3,17
P-005,2026-03-12,Suite,10,3,7
P-005,2026-03-12,Family Suite,4,1,3
P-005,2026-03-12,Penthouse,2,2,0
P-005,2026-03-13,Standard,24,1,23
P-005,2026-03-13,Deluxe,20,3,17
P-005,2026-03-13,Suite,10,2,8
P-005,2026-03-13,Family Suite,4,0,4
P-005,2026-03-13,Penthouse,2,3,0
P-005,2026-03-14,Standard,24,1,23
P-005,2026-03-14,Deluxe,20,1,19
P-005,2026-03-14,Suite,10,1,9
P-005,2026-03-14,Family Suite,4,0,4
P-005,2026-03-14,Penthouse,2,3,0
P-005,2026-03-15,Standard,24,1,23
P-005,2026-03-15,Deluxe,20,1,19
P-005,2026-03-15,Suite,10,1,9
P-005,2026-03-15,Family Suite,4,0,4
P-005,2026-03-15,Penthouse,2,3,0
P-005,2026-03-16,Standard,24,1,23
P-005,2026-03-16,Deluxe,20,2,18
P-005,2026-03-16,Suite,10,0,10
P-005,2026-03-16,Family Suite,4,1,3
P-005,2026-03-16,Penthouse,2,3,0
P-005,2026-03-17,Standard,24,1,23
P-005,2026-03-17,Deluxe,20,2,18
P-005,2026-03-17,Suite,10,0,10
P-005,2026-03-17,Family Suite,4,1,3
P-005,2026-03-17,Penthouse,2,2,0
P-005,2026-03-18,Standard,24,1,23
P-005,2026-03-18,Deluxe,20,3,17
P-005,2026-03-18,Suite,10,0,10
P-005,2026-03-18,Family Suite,4,1,3
P-005,2026-03-18,Penthouse,2,2,0
P-005,2026-03-19,Standard,24,1,23
P-005,2026-03-19,Deluxe,20,3,17
P-005,2026-03-19,Suite,10,0,10
P-005,2026-03-19,Family Suite,4,2,2
P-005,2026-03-19,Penthouse,2,1,1
P-005,2026-03-20,Standard,24,1,23
P-005,2026-03-20,Deluxe,20,2,18
P-005,2026-03-20,Suite,10,0,10
P-005,2026-03-20,Family Suite,4,3,1
P-005,2026-03-20,Penthouse,2,1,1
P-005,2026-03-21,Standard,24,1,23
P-005,2026-03-21,Deluxe,20,1,19
P-005,2026-03-21,Suite,10,0,10
P-005,2026-03-21,Family Suite,4,2,2
P-005,2026-03-21,Penthouse,2,1,1
P-005,2026-03-22,Standard,24,1,23
P-005,2026-03-22,Deluxe,20,1,19
P-005,2026-03-22,Suite,10,1,9
P-005,2026-03-22,Family Suite,4,2,2
P-005,2026-03-22,Penthouse,2,2,0
P-005,2026-03-23,Standard,24,1,23
P-005,2026-03-23,Deluxe,20,1,19
P-005,2026-03-23,Suite,10,2,8
P-005,2026-03-23,Family Suite,4,2,2
P-005,2026-03-23,Penthouse,2,2,0
P-005,2026-03-24,Standard,24,2,22
P-005,2026-03-24,Deluxe,20,0,20
P-005,2026-03-24,Suite,10,2,8
P-005,2026-03-24,Family Suite,4,1,3
P-005,2026-03-24,Penthouse,2,2,0
P-005,2026-03-25,Standard,24,3,21
P-005,2026-03-25,Deluxe,20,0,20
P-005,2026-03-25,Suite,10,2,8
P-005,2026-03-25,Family Suite,4,0,4
P-005,2026-03-25,Penthouse,2,1,1
P-005,2026-03-26,Standard,24,3,21
P-005,2026-03-26,Deluxe,20,0,20
P-005,2026-03-26,Suite,10,3,7
P-005,2026-03-26,Family Suite,4,1,3
P-005,2026-03-26,Penthouse,2,0,2
P-005,2026-03-27,Standard,24,3,21
P-005,2026-03-27,Deluxe,20,1,19
P-005,2026-03-27,Suite,10,2,8
P-005,2026-03-27,Family Suite,4,1,3
P-005,2026-03-27,Penthouse,2,1,1
P-005,2026-03-28,Standard,24,2,22
P-005,2026-03-28,Deluxe,20,1,19
P-005,2026-03-28,Suite,10,0,10
P-005,2026-03-28,Family Suite,4,1,3
P-005,2026-03-28,Penthouse,2,1,1
P-005,2026-03-29,Standard,24,2,22
P-005,2026-03-29,Deluxe,20,1,19
P-005,2026-03-29,Suite,10,1,9
P-005,2026-03-29,Family Suite,4,1,3
P-005,2026-03-29,Penthouse,2,4,0
P-005,2026-03-30,Standard,24,2,22
P-005,2026-03-30,Deluxe,20,1,19
P-005,2026-03-30,Suite,10,2,8
P-005,2026-03-30,Family Suite,4,0,4
P-005,2026-03-30,Penthouse,2,4,0
P-005,2026-03-31,Standard,24,2,22
P-005,2026-03-31,Deluxe,20,1,19
P-005,2026-03-31,Suite,10,2,8
P-005,2026-03-31,Family Suite,4,0,4
P-005,2026-03-31,Penthouse,2,5,0
P-005,2026-04-01,Standard,24,2,22
P-005,2026-04-01,Deluxe,20,1,19
P-005,2026-04-01,Suite,10,3,7
P-005,2026-04-01,Family Suite,4,0,4
P-005,2026-04-01,Penthouse,2,3,0
P-005,2026-04-02,Standard,24,2,22
P-005,2026-04-02,Deluxe,20,0,20
P-005,2026-04-02,Suite,10,3,7
P-005,2026-04-02,Family Suite,4,1,3
P-005,2026-04-02,Penthouse,2,3,0
P-005,2026-04-03,Standard,24,2,22
P-005,2026-04-03,Deluxe,20,0,20
P-005,2026-04-03,Suite,10,3,7
P-005,2026-04-03,Family Suite,4,1,3
P-005,2026-04-03,Penthouse,2,2,0
P-005,2026-04-04,Standard,24,1,23
P-005,2026-04-04,Deluxe,20,0,20
P-005,2026-04-04,Suite,10,5,5
P-005,2026-04-04,Family Suite,4,1,3
P-005,2026-04-04,Penthouse,2,1,1
P-005,2026-04-05,Standard,24,1,23
P-005,2026-04-05,Deluxe,20,0,20
P-005,2026-04-05,Suite,10,4,6
P-005,2026-04-05,Family Suite,4,1,3
P-005,2026-04-05,Penthouse,2,1,1
P-005,2026-04-06,Standard,24,1,23
P-005,2026-04-06,Deluxe,20,0,20
P-005,2026-04-06,Suite,10,3,7
P-005,2026-04-06,Family Suite,4,2,2
P-005,2026-04-06,Penthouse,2,2,0
P-005,2026-04-07,Standard,24,2,22
P-005,2026-04-07,Deluxe,20,0,20
P-005,2026-04-07,Suite,10,4,6
P-005,2026-04-07,Family Suite,4,2,2
P-005,2026-04-07,Penthouse,2,2,0
P-005,2026-04-08,Standard,24,2,22
P-005,2026-04-08,Deluxe,20,0,20
P-005,2026-04-08,Suite,10,3,7
P-005,2026-04-08,Family Suite,4,1,3
P-005,2026-04-08,Penthouse,2,1,1
P-005,2026-04-09,Standard,24,1,23
P-005,2026-04-09,Deluxe,20,2,18
P-005,2026-04-09,Suite,10,2,8
P-005,2026-04-09,Family Suite,4,2,2
P-005,2026-04-09,Penthouse,2,3,0
P-005,2026-04-10,Standard,24,1,23
P-005,2026-04-10,Deluxe,20,2,18
P-005,2026-04-10,Suite,10,2,8
P-005,2026-04-10,Family Suite,4,1,3
P-005,2026-04-10,Penthouse,2,3,0
P-005,2026-04-11,Standard,24,0,24
P-005,2026-04-11,Deluxe,20,1,19
P-005,2026-04-11,Suite,10,2,8
P-005,2026-04-11,Family Suite,4,1,3
P-005,2026-04-11,Penthouse,2,2,0
P-005,2026-04-12,Standard,24,1,23
P-005,2026-04-12,Deluxe,20,2,18
P-005,2026-04-12,Suite,10,2,8
P-005,2026-04-12,Family Suite,4,0,4
P-005,2026-04-12,Penthouse,2,1,1
P-005,2026-04-13,Standard,24,1,23
P-005,2026-04-13,Deluxe,20,3,17
P-005,2026-04-13,Suite,10,2,8
P-005,2026-04-13,Family Suite,4,1,3
P-005,2026-04-13,Penthouse,2,1,1
P-005,2026-04-14,Standard,24,1,23
P-005,2026-04-14,Deluxe,20,3,17
P-005,2026-04-14,Suite,10,1,9
P-005,2026-04-14,Family Suite,4,1,3
P-005,2026-04-14,Penthouse,2,4,0
P-005,2026-04-15,Standard,24,1,23
P-005,2026-04-15,Deluxe,20,3,17
P-005,2026-04-15,Suite,10,0,10
P-005,2026-04-15,Family Suite,4,1,3
P-005,2026-04-15,Penthouse,2,4,0
P-005,2026-04-16,Standard,24,0,24
P-005,2026-04-16,Deluxe,20,2,18
P-005,2026-04-16,Suite,10,0,10
P-005,2026-04-16,Family Suite,4,1,3
P-005,2026-04-16,Penthouse,2,4,0
P-005,2026-04-17,Standard,24,0,24
P-005,2026-04-17,Deluxe,20,3,17
P-005,2026-04-17,Suite,10,0,10
P-005,2026-04-17,Family Suite,4,1,3
P-005,2026-04-17,Penthouse,2,3,0
P-005,2026-04-18,Standard,24,0,24
P-005,2026-04-18,Deluxe,20,2,18
P-005,2026-04-18,Suite,10,0,10
P-005,2026-04-18,Family Suite,4,1,3
P-005,2026-04-18,Penthouse,2,1,1
P-005,2026-04-19,Standard,24,0,24
P-005,2026-04-19,Deluxe,20,1,19
P-005,2026-04-19,Suite,10,0,10
P-005,2026-04-19,Family Suite,4,1,3
P-005,2026-04-19,Penthouse,2,0,2
P-005,2026-04-20,Standard,24,0,24
P-005,2026-04-20,Deluxe,20,1,19
P-005,2026-04-20,Suite,10,0,10
P-005,2026-04-20,Family Suite,4,1,3
P-005,2026-04-20,Penthouse,2,0,2
P-005,2026-04-21,Standard,24,0,24
P-005,2026-04-21,Deluxe,20,0,20
P-005,2026-04-21,Suite,10,0,10
P-005,2026-04-21,Family Suite,4,1,3
P-005,2026-04-21,Penthouse,2,0,2
P-005,2026-04-22,Standard,24,0,24
P-005,2026-04-22,Deluxe,20,0,20
P-005,2026-04-22,Suite,10,0,10
P-005,2026-04-22,Family Suite,4,1,3
P-005,2026-04-22,Penthouse,2,0,2
P-005,2026-04-23,Standard,24,1,23
P-005,2026-04-23,Deluxe,20,0,20
P-005,2026-04-23,Suite,10,1,9
P-005,2026-04-23,Family Suite,4,1,3
P-005,2026-04-23,Penthouse,2,1,1
P-005,2026-04-24,Standard,24,1,23
P-005,2026-04-24,Deluxe,20,0,20
P-005,2026-04-24,Suite,10,1,9
P-005,2026-04-24,Family Suite,4,1,3
P-005,2026-04-24,Penthouse,2,2,0
P-005,2026-04-25,Standard,24,1,23
P-005,2026-04-25,Deluxe,20,0,20
P-005,2026-04-25,Suite,10,3,7
P-005,2026-04-25,Family Suite,4,0,4
P-005,2026-04-25,Penthouse,2,2,0
P-005,2026-04-26,Standard,24,1,23
P-005,2026-04-26,Deluxe,20,0,20
P-005,2026-04-26,Suite,10,2,8
P-005,2026-04-26,Family Suite,4,1,3
P-005,2026-04-26,Penthouse,2,2,0
P-005,2026-04-27,Standard,24,1,23
P-005,2026-04-27,Deluxe,20,0,20
P-005,2026-04-27,Suite,10,2,8
P-005,2026-04-27,Family Suite,4,2,2
P-005,2026-04-27,Penthouse,2,1,1
P-005,2026-04-28,Standard,24,1,23
P-005,2026-04-28,Deluxe,20,0,20
P-005,2026-04-28,Suite,10,2,8
P-005,2026-04-28,Family Suite,4,2,2
P-005,2026-04-28,Penthouse,2,1,1
P-005,2026-04-29,Standard,24,2,22
P-005,2026-04-29,Deluxe,20,0,20
P-005,2026-04-29,Suite,10,3,7
P-005,2026-04-29,Family Suite,4,2,2
P-005,2026-04-29,Penthouse,2,1,1
P-005,2026-04-30,Standard,24,2,22
P-005,2026-04-30,Deluxe,20,0,20
P-005,2026-04-30,Suite,10,3,7
P-005,2026-04-30,Family Suite,4,2,2
P-005,2026-04-30,Penthouse,2,1,1
P-005,2026-05-01,Standard,24,2,22
P-005,2026-05-01,Deluxe,20,0,20
P-005,2026-05-01,Suite,10,2,8
P-005,2026-05-01,Family Suite,4,2,2
P-005,2026-05-01,Penthouse,2,0,2
P-005,2026-05-02,Standard,24,5,19
P-005,2026-05-02,Deluxe,20,0,20
P-005,2026-05-02,Suite,10,1,9
P-005,2026-05-02,Family Suite,4,2,2
P-005,2026-05-02,Penthouse,2,1,1
P-005,2026-05-03,Standard,24,6,18
P-005,2026-05-03,Deluxe,20,1,19
P-005,2026-05-03,Suite,10,1,9
P-005,2026-05-03,Family Suite,4,5,0
P-005,2026-05-03,Penthouse,2,1,1
P-005,2026-05-04,Standard,24,7,17
P-005,2026-05-04,Deluxe,20,1,19
P-005,2026-05-04,Suite,10,1,9
P-005,2026-05-04,Family Suite,4,5,0
P-005,2026-05-04,Penthouse,2,1,1
P-005,2026-05-05,Standard,24,8,16
P-005,2026-05-05,Deluxe,20,1,19
P-005,2026-05-05,Suite,10,0,10
P-005,2026-05-05,Family Suite,4,5,0
P-005,2026-05-05,Penthouse,2,1,1
P-005,2026-05-06,Standard,24,7,17
P-005,2026-05-06,Deluxe,20,1,19
P-005,2026-05-06,Suite,10,0,10
P-005,2026-05-06,Family Suite,4,4,0
P-005,2026-05-06,Penthouse,2,1,1
P-005,2026-05-07,Standard,24,6,18
P-005,2026-05-07,Deluxe,20,1,19
P-005,2026-05-07,Suite,10,0,10
P-005,2026-05-07,Family Suite,4,3,1
P-005,2026-05-07,Penthouse,2,1,1
P-005,2026-05-08,Standard,24,4,20
P-005,2026-05-08,Deluxe,20,1,19
P-005,2026-05-08,Suite,10,0,10
P-005,2026-05-08,Family Suite,4,3,1
P-005,2026-05-08,Penthouse,2,2,0
P-005,2026-05-09,Standard,24,3,21
P-005,2026-05-09,Deluxe,20,1,19
P-005,2026-05-09,Suite,10,0,10
P-005,2026-05-09,Family Suite,4,2,2
P-005,2026-05-09,Penthouse,2,1,1
P-005,2026-05-10,Standard,24,3,21
P-005,2026-05-10,Deluxe,20,0,20
P-005,2026-05-10,Suite,10,1,9
P-005,2026-05-10,Family Suite,4,1,3
P-005,2026-05-10,Penthouse,2,1,1
P-005,2026-05-11,Standard,24,2,22
P-005,2026-05-11,Deluxe,20,0,20
P-005,2026-05-11,Suite,10,1,9
P-005,2026-05-11,Family Suite,4,2,2
P-005,2026-05-11,Penthouse,2,1,1
P-005,2026-05-12,Standard,24,1,23
P-005,2026-05-12,Deluxe,20,0,20
P-005,2026-05-12,Suite,10,1,9
P-005,2026-05-12,Family Suite,4,3,1
P-005,2026-05-12,Penthouse,2,1,1
P-005,2026-05-13,Standard,24,1,23
P-005,2026-05-13,Deluxe,20,0,20
P-005,2026-05-13,Suite,10,1,9
P-005,2026-05-13,Family Suite,4,2,2
P-005,2026-05-13,Penthouse,2,0,2
P-005,2026-05-14,Standard,24,1,23
P-005,2026-05-14,Deluxe,20,0,20
P-005,2026-05-14,Suite,10,1,9
P-005,2026-05-14,Family Suite,4,3,1
P-005,2026-05-14,Penthouse,2,0,2
P-005,2026-05-15,Standard,24,0,24
P-005,2026-05-15,Deluxe,20,0,20
P-005,2026-05-15,Suite,10,1,9
P-005,2026-05-15,Family Suite,4,3,1
P-005,2026-05-15,Penthouse,2,0,2
P-005,2026-05-16,Standard,24,0,24
P-005,2026-05-16,Deluxe,20,0,20
P-005,2026-05-16,Suite,10,0,10
P-005,2026-05-16,Family Suite,4,2,2
P-005,2026-05-16,Penthouse,2,0,2
P-005,2026-05-17,Standard,24,0,24
P-005,2026-05-17,Deluxe,20,0,20
P-005,2026-05-17,Suite,10,0,10
P-005,2026-05-17,Family Suite,4,4,0
P-005,2026-05-17,Penthouse,2,1,1
P-005,2026-05-18,Standard,24,1,23
P-005,2026-05-18,Deluxe,20,1,19
P-005,2026-05-18,Suite,10,0,10
P-005,2026-05-18,Family Suite,4,5,0
P-005,2026-05-18,Penthouse,2,2,0
P-005,2026-05-19,Standard,24,1,23
P-005,2026-05-19,Deluxe,20,1,19
P-005,2026-05-19,Suite,10,0,10
P-005,2026-05-19,Family Suite,4,5,0
P-005,2026-05-19,Penthouse,2,2,0
P-005,2026-05-20,Standard,24,2,22
P-005,2026-05-20,Deluxe,20,1,19
P-005,2026-05-20,Suite,10,0,10
P-005,2026-05-20,Family Suite,4,4,0
P-005,2026-05-20,Penthouse,2,3,0
P-005,2026-05-21,Standard,24,2,22
P-005,2026-05-21,Deluxe,20,1,19
P-005,2026-05-21,Suite,10,0,10
P-005,2026-05-21,Family Suite,4,4,0
P-005,2026-05-21,Penthouse,2,5,0
P-005,2026-05-22,Standard,24,0,24
P-005,2026-05-22,Deluxe,20,0,20
P-005,2026-05-22,Suite,10,1,9
P-005,2026-05-22,Family Suite,4,2,2
P-005,2026-05-22,Penthouse,2,4,0
P-005,2026-05-23,Standard,24,0,24
P-005,2026-05-23,Deluxe,20,0,20
P-005,2026-05-23,Suite,10,2,8
P-005,2026-05-23,Family Suite,4,1,3
P-005,2026-05-23,Penthouse,2,4,0
P-005,2026-05-24,Standard,24,1,23
P-005,2026-05-24,Deluxe,20,1,19
P-005,2026-05-24,Suite,10,2,8
P-005,2026-05-24,Family Suite,4,1,3
P-005,2026-05-24,Penthouse,2,2,0
P-005,2026-05-25,Standard,24,2,22
P-005,2026-05-25,Deluxe,20,1,19
P-005,2026-05-25,Suite,10,1,9
P-005,2026-05-25,Family Suite,4,0,4
P-005,2026-05-25,Penthouse,2,3,0
P-005,2026-05-26,Standard,24,1,23
P-005,2026-05-26,Deluxe,20,0,20
P-005,2026-05-26,Suite,10,1,9
P-005,2026-05-26,Family Suite,4,0,4
P-005,2026-05-26,Penthouse,2,3,0
